segment_id,length_m,diameter_m,area_m2,curvature_mean_per_m,resistance_segment_raw,resistance_segment_kR,recommended_division_pts,wall_stiffness_E_Pa,wall_thickness_m,pwv_m_per_s,outlet_resistance_Pa_s_m3,outlet_compliance_m3_per_Pa
0,0.00024823486,0.0035664406168732,9.989870897647876e-06,681.8874500000502,218801.824246972,240591.89594273022,5,,,,,
1,0.00024482908,0.0031002785810568,7.549032952915212e-06,929.6020499999958,377909.9057240845,415545.2589420273,5,,,,,
2,0.00026156925,0.0024771656395552,4.81947771035462e-06,908.1379,990591.64600661,1089242.8481251951,5,,,,,
3,0.00027787854,0.0026503930875474,5.517094994076919e-06,595.0071000000002,803048.9698649859,883023.1414185624,5,,,,,
4,0.0002809376,0.0027603999934504,5.984583305905976e-06,285.4825399999753,690001.3133417425,758717.2764724382,5,,,,,
5,0.00027615167,0.0027549522118466,5.960984891604335e-06,148.2698000000246,683627.4998080338,751708.7065588278,5,,,,,
6,0.00027160617,0.0027173088512228,5.799197349364439e-06,152.94499999999914,710414.4493251884,781163.319165622,5,,,,,
7,0.0002674567,0.0026500517326276,5.515673947327376e-06,224.09282000000007,773328.8503883561,850343.2498448257,5,,,,,
8,0.00026348358,0.0025910645952976,5.272861469600231e-06,279.564,833621.1956326718,916639.9989833984,5,,,,,
9,0.0002637804,0.0026004039427448,5.310941443347369e-06,188.58398000001722,822635.4849236339,904560.241527709,5,,,,,
10,0.00026259362,0.0025564283305584,5.132832887813717e-06,239.11180000000036,876754.1728451997,964068.510152954,5,,,,,
11,0.00025725772,0.0023135352884174,4.203800889538556e-06,453.61211999999966,1280536.7563888505,1408063.0593655172,5,,,,,
12,0.0002554296,0.00230289570961,4.165224581085461e-06,504.1315999999999,1295096.98219006,1424073.3113043362,5,,,,,
13,0.00025877243,0.002500092882824,4.909103278007086e-06,430.61995999998925,944542.6703874798,1038607.9396249731,5,,,,,
14,0.00026459395,0.0025560719159646,5.13140175907973e-06,374.7381600000188,883925.7861504412,971954.3312516327,5,,,,,
15,0.00026444526,0.0025548338781126,5.126432156259838e-06,473.79284999998146,885142.6539324685,973292.3846604521,5,,,,,
16,0.00025975084,0.002511252962423,4.953028255645858e-06,562.1216999999704,931372.2297958148,1024125.8790514144,5,,,,,
17,0.0002599946,0.0024488357031228,4.709872800987294e-06,406.14996000000053,1030988.6410780431,1133662.9057187494,5,,,,,
18,0.00026378073,0.00232423241407,4.242765108067483e-06,317.5394600000006,1289000.3130833392,1417369.48612203,5,,,,,
19,0.00026818665,0.0022232796354898,3.882201395662675e-06,487.6795000000005,1565268.8245621575,1721151.0711006783,5,,,,,
20,0.00027016454,0.0020894737781792,3.428970367557281e-06,622.3568999999748,2021197.7797167648,2222485.1532700276,5,,,,,
21,0.00027122782,0.0020365180805988,3.25736497091644e-06,601.7156,2248585.0626591183,2472517.517966475,5,,,,,
22,0.0002781267,0.0020253495213204,3.221735219013009e-06,494.9026,2357061.6467581885,2591797.085783641,5,,,,,
23,0.00028828095,0.001966342040393,3.0367427997390507e-06,345.17952999997465,2749842.4925401565,3023694.2543831416,5,,,,,
24,0.00029291766,0.0019332211544792,2.9353031388163206e-06,196.07881,2990525.9046512702,3288346.8853247217,5,,,,,
25,0.0002916306,0.0019109580494034,2.8680861206987155e-06,114.83973999999752,3118578.2025435446,3429151.676307409,5,,,,,
26,0.00028777093,0.001921933797805,2.9011269233820745e-06,100.25348000000253,3007609.083802256,3307131.346902271,5,,,,,
27,0.00028622296,0.0018316508984668,2.6349676521810454e-06,74.33955400000455,3626283.760918424,3987418.6984881675,5,,,,,
28,0.0002881948,0.0017234602507894,2.332880131106232e-06,46.66660300000008,4658104.193327193,5121996.23210811,5,,,,,
29,0.00028675148,0.0017523441797728,2.411730092016982e-06,60.291397000000124,4336668.205765798,4768549.025085153,5,,,,,
30,0.00028125048,0.001886216615236,2.794299889839477e-06,79.9085850000172,3168510.544886193,3484056.688888653,5,,,,,
31,0.0002790529,0.0019584253932618,3.012339694311428e-06,179.06941,2705120.3009499847,2974518.2618957646,5,,,,,
32,0.00027728154,0.002039688536395,3.267515011377433e-06,345.4764000000121,2284513.297880449,2512023.7801264254,5,,,,,
33,0.00027151554,0.0019994365949462,3.139822913717296e-06,413.8121299999994,2422659.035041091,2663927.19745063,5,,,,,
34,0.00026942178,0.0020600903228158,3.3332079228203208e-06,316.07962,2133122.581582287,2345556.3405259675,5,,,,,
35,0.00027375462,0.0020601605821718,3.3334352847309253e-06,124.63958999999993,2167131.736536012,2382952.4047401813,5,,,,,
36,0.00027736975,0.001900664566578,2.8372711243406845e-06,112.31837500002229,3030856.341327688,3332693.756094982,5,,,,,
37,0.0002791418,0.0016437904918104,2.1221828933445267e-06,235.5918,5452141.803932701,5995110.589554141,5,,,,,
38,0.0002883659,0.0015652421330984,1.924212097682228e-06,292.5342699999899,6850873.531931878,7533139.440605781,5,,,,,
39,0.00030568964,0.0016940717870108,2.2539978682041326e-06,330.76819999999975,5292753.068621493,5819848.622921025,5,,,,,
40,0.00031947048,0.0016560835573038,2.154043015796381e-06,359.73776,6056613.850962122,6659780.897215911,5,,,,,
41,0.00032084028,0.0015868574681478,1.9777241718803944e-06,379.62598,7215482.497888345,7934059.143625116,5,,,,,
42,0.0003121407,0.0016423217134636,2.1183921137755955e-06,394.28687,6118509.482446508,6727840.600925658,5,,,,,
43,0.0002992659,0.0016456549987864,2.1269998926983547e-06,394.32604999999415,5818757.1046854025,6398236.434566045,5,,,,,
44,0.00028425522,0.001590958728302,1.987960306155177e-06,360.43744,6327045.360884965,6957144.184377319,5,,,,,
45,0.0002728077,0.0016467847236256,2.1299212211722326e-06,245.2276599999997,5289778.217281804,5816577.511601791,5,,,,,
46,0.00027264009,0.001874922327148,2.7609366575003377e-06,201.9748,3146188.6240907684,3459511.7690108707,5,,,,,
47,0.00030822004,0.0027897639625658,6.11258344827063e-06,451.91460000006424,725636.6290241143,797901.4477746947,5,,,,,
48,0.00028507796,0.0028654975616582,6.44896422658439e-06,830.5588400000016,602964.32311176,663012.4322891284,5,,,,,
49,0.000255907,0.002754370589215,5.958468203492002e-06,1077.802200000001,634046.1362439429,697189.6260878819,5,,,,,
50,0.00024105012,0.0028712716320582,6.474980155268263e-06,1201.9776999999747,505752.891139065,556119.8924023542,5,,,,,
51,0.0002514485,0.0028329587130662,6.303334751990517e-06,1128.214499999997,556693.6197445566,612133.7145817592,5,,,,,
52,0.00029814392,0.0036602138925048,1.0522109366052691e-05,653.3064,236879.9202789662,260470.35634561427,5,,,,,
53,0.00028096116,0.0025010050259566,4.91268604224997e-06,241.42330999999953,1024038.2609682672,1126020.3500230247,5,,,,,
54,0.00029137966,0.0025707089847464,5.1903388577449264e-06,166.51326,951427.5171857288,1046178.435667073,5,,,,,
55,0.00029988674,0.0026748818076928,5.619518114020462e-06,78.79095,835347.2071884042,918537.9008589512,5,,,,,
56,0.00029817046,0.0026690025457128,5.594842399042917e-06,38.394863,837908.9150977206,921354.7245526067,5,,,,,
57,0.00029316824,0.0025079741215464,4.940102764131078e-06,86.04777500001228,1056702.811401878,1161937.9030232627,5,,,,,
58,0.0002899693,0.0025313095924062,5.032460921515934e-06,159.79309,1007161.4360340748,1107462.7930996066,5,,,,,
59,0.00028593198,0.002605241575955,5.330720128156964e-06,272.6699799999796,885113.307606978,973260.1157883209,5,,,,,
60,0.00028675166,0.0025538873315656,5.12263425158412e-06,324.11809999999934,961229.6276787842,1056956.7203357713,5,,,,,
61,0.00029666093,0.0026167194537068,5.377794561691832e-06,268.9082599999835,902318.4626920428,992178.7006591312,5,,,,,
62,0.00030522808,0.0026751073955492,5.620466005249147e-06,173.7453599999852,849938.9576789587,934582.8169730103,5,,,,,
63,0.00030669585,0.0026663076789898,5.583549983533651e-06,80.53394,865356.3274070596,951535.574227662,5,,,,,
64,0.00030511498,0.0026688016575686,5.594000215350396e-06,82.33971000001303,857682.4388455844,943097.4572027574,5,,,,,
65,0.00030233673,0.0026491657208162,5.511986370017895e-06,163.79568,875351.6313059279,962526.2920785245,5,,,,,
66,0.00030112048,0.0025877202054854,5.259258471485187e-06,185.37493999999919,957633.2310893538,1053002.165217271,5,,,,,
67,0.00029954468,0.002570972116372,5.191401453477184e-06,180.35751000000076,977687.998407832,1075054.1499685352,5,,,,,
68,0.00029423094,0.0025390960522356,5.06346884145847e-06,185.00222999999738,1009485.2621164032,1110018.0447521592,5,,,,,
69,0.00028589918,0.0024205341856744,4.60163664272436e-06,170.39972,1187671.0123741718,1305948.986516634,5,,,,,
70,0.0002785281,0.00234943221146,4.335265692203061e-06,133.4192999999917,1303603.4300287496,1433426.9006553018,5,,,,,
71,0.00027631113,0.002393948540022,4.501108715929581e-06,86.0375400000083,1199685.2184831812,1319159.6653396345,5,,,,,
72,0.00027705278,0.0024210335421392,4.603535474844813e-06,55.77591,1149972.4169305274,1264496.0572123216,5,,,,,
73,0.00027631133,0.0023444766203722,4.316996472659261e-06,58.46381800000945,1304197.1050966007,1434079.6987324648,5,,,,,
74,0.00027819496,0.0023472097546344,4.327067640204075e-06,108.78081,1306982.6222429443,1437142.6204138827,5,,,,,
75,0.00028444448,0.0023042692533994,4.1701946928352e-06,169.09998000000016,1438774.668674227,1582059.5946219414,5,,,,,
76,0.0002918148,0.0022806545493826,4.0851583624841545e-06,183.70544,1538145.615288931,1691326.7112464788,5,,,,,
77,0.00029995202,0.0022616771793568,4.017455854850846e-06,179.76926000000068,1634773.126369869,1797577.178632661,5,,,,,
78,0.00030893288,0.002272410661123,4.055678473181339e-06,169.04892,1652133.119178081,1816666.0212309998,5,,,,,
79,0.00030979948,0.0022139440368468,3.849666952741043e-06,161.73495,1838832.988702878,2021958.9877582334,5,,,,,
80,0.0003022207,0.002248538108736,3.970913130482924e-06,136.66958999999932,1685975.8315739415,1853879.0671787981,5,,,,,
81,0.00029641422,0.0022305376601524,3.90759011054243e-06,76.89989500000034,1707611.0242115532,1877668.868903183,5,,,,,
82,0.00029555548,0.0020936939298242,3.4428354742117028e-06,105.66069000000114,2193382.723716516,2411817.6795058837,5,,,,,
83,0.0003029334,0.0019564991359432,3.0064168873602512e-06,203.63879999999887,2948197.9895612616,3241803.6109354133,5,,,,,
84,0.00032090157,0.0019366450546618,2.94570969245725e-06,234.1588099999949,3253118.5720681828,3577090.6740564927,5,,,,,
85,0.00034068275,0.002030365686728,3.237713467893025e-06,192.50742000000042,2858783.2060504365,3143484.173406885,5,,,,,
86,0.0003492878,0.0019865670086828,3.0995333881248824e-06,137.6656500000077,3198148.9434015267,3516646.7210606956,5,,,,,
87,0.00034338047,0.0020104985612994,3.1746614230617244e-06,138.38452000000623,2997013.281720626,3295480.3283578563,5,,,,,
88,0.0003293141,0.0020545469603424,3.315293834304099e-06,178.7014800000009,2635567.6842489694,2898039.027879018,5,,,,,
89,0.00031474204,0.0019730299570004,3.0574350500800205e-06,184.39917,2961748.541151752,3256703.6370638334,5,,,,,
90,0.00030306028,0.0018949929247402,2.8203633791176626e-06,124.16024000001015,3351404.2484602933,3685164.4403908188,5,,,,,
91,0.00029718768,0.0019045609837718,2.8489160236230475e-06,96.94076500000472,3220916.197229968,3541681.323870091,5,,,,,
92,0.0003012025,0.0020303621257696,3.237702110970627e-06,151.9949299999911,2527508.8715840154,2779218.8365855655,5,,,,,
93,0.00031119992,0.002014714082439,3.187988348903157e-06,208.15591,2693481.347795376,2961720.2067794823,5,,,,,
94,0.0003182307,0.0019347888435994,2.940065665409445e-06,230.33821,3238440.8156498447,3560951.1868423116,5,,,,,
95,0.00032167687,0.0017739913831252,2.471683698810314e-06,195.15134,4631716.384478532,5092980.509855686,5,,,,,
96,0.0003235705,0.0017389651243118,2.375043813300738e-06,122.737114,5045841.255023074,5548347.31543079,5,,,,,
97,0.00032453367,0.001827165969578,2.622079634730791e-06,81.069046,4152177.8166161184,4565685.5770243555,5,,,,,
98,0.00032812558,0.0019049146710022,2.8499742399648405e-06,76.15309000000039,3553580.238114868,3907474.7654189477,5,,,,,
99,0.0003372247,0.0019559634255968,3.004770734691969e-06,78.82165999999997,3285523.5350756343,3612722.7877957122,5,,,,,
100,0.00034624024,0.001984075946961,3.0917649232517726e-06,75.25611,3186196.253771237,3503503.685029513,5,,,,,
101,0.00034258157,0.0019548855008798,3.0014598096270583e-06,123.96523,3345082.588929788,3678213.218401774,5,,,,,
102,0.00032356856,0.0017891967384152,2.51423621108275e-06,208.49694999998678,4502586.497960271,4950990.815175488,5,,,,,
103,0.00030357644,0.0017556286285312,2.42077925875253e-06,222.73029,4556858.918380351,5010668.126236337,5,,,,,
104,0.00029358224,0.0019233074073672,2.905275286594697e-06,142.44705,3059589.288411066,3364288.1645904477,5,,,,,
105,0.00029323186,0.0020158151353964,3.19147380938323e-06,113.76861000000474,2532424.5389511646,2784624.0462347833,5,,,,,
106,0.0003020272,0.0020799466444368,3.397772290055545e-06,193.78256,2301258.6476406204,2530436.7685047872,5,,,,,
107,0.00032006548,0.0019964612615026,3.130485214006124e-06,213.31699,2872919.2798210736,3159028.032793656,5,,,,,
108,0.00033390804,0.0018813558612778,2.779916702556569e-06,170.07266000000735,3800766.854666504,4179278.2429836458,5,,,,,
109,0.00033263362,0.0016185857471964,2.0576016758674217e-06,190.87737999999652,6911167.831304014,7599438.338480173,5,,,,,
110,0.00032108426,0.0014676617157072,1.69177192199193e-06,257.76269999999005,9868322.044579385,10851090.10699508,5,,,,,
111,0.000303512,0.001423785367122,1.592131488543125e-06,281.49426,10532365.989204526,11581264.968089106,5,,,,,
112,0.00028845112,0.0014815958705674,1.7240481830457325e-06,226.9146399999973,8536529.210126609,9386666.470918516,5,,,,,
113,0.00028329142,0.0015981325530346,2.005928631128496e-06,115.24572999998783,6193132.567601381,6809895.262034157,5,,,,,
114,0.00028217037,0.0017341226975112,2.361834850683634e-06,44.45579,4449592.755072611,4892719.522793335,5,,,,,
115,0.00028237727,0.0018292313219972,2.628010764519376e-06,62.701912,3596527.464744024,3954699.027445793,5,,,,,
116,0.0002877704,0.0018623256037294,2.723962406483492e-06,90.24572,3411550.8058354813,3751300.8829142177,5,,,,,
117,0.0002932333,0.001994301015288,3.1237142735827407e-06,117.59012999999543,2643495.620767802,2906756.4930306184,5,,,,,
118,0.0002917144,0.0021554869725472,3.6490573262768463e-06,209.05264,1927100.551758671,2119016.955254277,5,,,,,
119,0.00028900825,0.002266052928092,4.033016327641049e-06,260.0224299999971,1562997.1277385645,1718653.1401639674,5,,,,,
120,0.0002906236,0.0023788838622498,4.444637659483118e-06,244.88144000000037,1294094.7337702245,1422971.2508056923,5,,,,,
121,0.00014529817,0.0024405644745942,4.678110241927079e-06,269.1069000000069,584019.2566661034,642180.6614818766,5,,,,,
122,0.00044078362,0.0024821741295154,4.838986060959883e-06,305.39557,1655863.9075077295,1820768.351916223,5,,,,,
