segment_id,s_start_m,s_end_m,segment_length_m,radius_mean_m,diameter_mean_m,diameter_prox_m,diameter_dist_m,cross_section_area_m2,curvature_mean_per_m,resistance_segment
0,0.0,0.0002482348645571,0.00024823486,0.0017832203084366,0.0035664406168732,0.0035664406168732,0.0033317496158112533,9.989870897647876e-06,681.8874500000502,218801.824246972
1,0.0002482348645571,0.0004930639406666,0.00024482908,0.0015501392905284,0.0031002785810568,0.0033317496158112533,0.0027990213511184347,7.549032952915212e-06,929.6020499999958,377909.9057240845
2,0.0004930639406666,0.0007546332199126,0.00026156925,0.0012385828197776,0.0024771656395552,0.0027990213511184347,0.0025611607579419603,4.81947771035462e-06,908.1379,990591.64600661
3,0.0007546332199126,0.00103251170367,0.00027787854,0.0013251965437737,0.0026503930875474,0.0025611607579419603,0.002705095431681927,5.517094994076919e-06,595.0071000000002,803048.9698649859
4,0.00103251170367,0.0013134493492543,0.0002809376,0.0013801999967252,0.0027603999934504,0.002705095431681927,0.0027576527017233125,5.984583305905976e-06,285.4825399999753,690001.3133417425
5,0.0013134493492543,0.001589601044543,0.00027615167,0.0013774761059233,0.0027549522118466,0.0027576527017233125,0.0027359743403622414,5.960984891604335e-06,148.2698000000246,683627.4998080338
6,0.001589601044543,0.0018612071871757,0.00027160617,0.0013586544256114,0.0027173088512228,0.0027359743403622414,0.0026834214389166206,5.799197349364439e-06,152.94499999999914,710414.4493251884
7,0.0018612071871757,0.0021286639384925,0.0002674567,0.0013250258663138,0.0026500517326276,0.0026834214389166206,0.002620337450864041,5.515673947327376e-06,224.09282000000007,773328.8503883561
8,0.0021286639384925,0.0023921474348753,0.00026348358,0.0012955322976488,0.0025910645952976,0.002620337450864041,0.0025957316399105607,5.272861469600231e-06,279.564,833621.1956326718
9,0.0023921474348753,0.0026559277903288,0.0002637804,0.0013002019713724,0.0026004039427448,0.0025957316399105607,0.0025783665639870007,5.310941443347369e-06,188.58398000001722,822635.4849236339
10,0.0026559277903288,0.0029185214079916,0.00026259362,0.0012782141652792,0.0025564283305584,0.0025783665639870007,0.0024337352766669266,5.132832887813717e-06,239.11180000000036,876754.1728451997
11,0.0029185214079916,0.0031757792457938,0.00025725772,0.0011567676442087,0.0023135352884174,0.0024337352766669266,0.0023081965292400066,4.203800889538556e-06,453.61211999999966,1280536.7563888505
12,0.0031757792457938,0.003431208897382,0.0002554296,0.001151447854805,0.00230289570961,0.0023081965292400066,0.002400853321760866,4.165224581085461e-06,504.1315999999999,1295096.98219006
13,0.003431208897382,0.0036899812985211,0.00025877243,0.001250046441412,0.002500092882824,0.002400853321760866,0.0025277710563940763,4.909103278007086e-06,430.61995999998925,944542.6703874798
14,0.0036899812985211,0.0039545753970742,0.00026459395,0.0012780359579823,0.0025560719159646,0.0025277710563940763,0.0025554527229553876,5.13140175907973e-06,374.7381600000188,883925.7861504412
15,0.0039545753970742,0.0042190207168459,0.00026444526,0.0012774169390563,0.0025548338781126,0.0025554527229553876,0.0025328482803369952,5.126432156259838e-06,473.79284999998146,885142.6539324685
16,0.0042190207168459,0.0044787717051804,0.00025975084,0.0012556264812115,0.002511252962423,0.0025328482803369952,0.0024800589564224164,4.953028255645858e-06,562.1216999999704,931372.2297958148
17,0.0044787717051804,0.004738766234368,0.0002599946,0.0012244178515614,0.0024488357031228,0.0024800589564224164,0.0023869844276593684,4.709872800987294e-06,406.14996000000053,1030988.6410780431
18,0.004738766234368,0.0050025470554828,0.00026378073,0.001162116207035,0.00232423241407,0.0023869844276593684,0.002274174057764291,4.242765108067483e-06,317.5394600000006,1289000.3130833392
19,0.0050025470554828,0.0052707334980368,0.00026818665,0.0011116398177449,0.0022232796354898,0.002274174057764291,0.0021566225364694313,3.882201395662675e-06,487.6795000000005,1565268.8245621575
20,0.0052707334980368,0.0055408980697393,0.00027016454,0.0010447368890896,0.0020894737781792,0.0021566225364694313,0.00206304792260851,3.428970367557281e-06,622.3568999999748,2021197.7797167648
21,0.0055408980697393,0.0058121257461607,0.00027122782,0.0010182590402994,0.0020365180805988,0.00206304792260851,0.002031003932843281,3.25736497091644e-06,601.7156,2248585.0626591183
22,0.0058121257461607,0.0060902526602149,0.0002781267,0.0010126747606602,0.0020253495213204,0.002031003932843281,0.0019963747055138197,3.221735219013009e-06,494.9026,2357061.6467581885
23,0.0060902526602149,0.0063785337843,0.00028828095,0.0009831710201965,0.001966342040393,0.0019963747055138197,0.0019499137105270607,3.0367427997390507e-06,345.17952999997465,2749842.4925401565
24,0.0063785337843,0.006671451497823,0.00029291766,0.0009666105772396,0.0019332211544792,0.0019499137105270607,0.0019220650919316278,2.9353031388163206e-06,196.07881,2990525.9046512702
25,0.006671451497823,0.0069630821235477,0.0002916306,0.0009554790247017,0.0019109580494034,0.0019220650919316278,0.0019164824828217634,2.8680861206987155e-06,114.83973999999752,3118578.2025435446
26,0.0069630821235477,0.007250852882862,0.00028777093,0.0009609668989025,0.001921933797805,0.0019164824828217634,0.0018766706175939588,2.9011269233820745e-06,100.25348000000253,3007609.083802256
27,0.007250852882862,0.0075370757840573,0.00028622296,0.0009158254492334,0.0018316508984668,0.0018766706175939588,0.001777741249493164,2.6349676521810454e-06,74.33955400000455,3626283.760918424
28,0.0075370757840573,0.0078252702951431,0.0002881948,0.0008617301253947,0.0017234602507894,0.001777741249493164,0.001737938463859048,2.332880131106232e-06,46.66660300000008,4658104.193327193
29,0.0078252702951431,0.0081120217218995,0.00028675148,0.0008761720898864,0.0017523441797728,0.001737938463859048,0.0018199287015970456,2.411730092016982e-06,60.291397000000124,4336668.205765798
30,0.0081120217218995,0.0083932718262076,0.00028125048,0.000943108307618,0.001886216615236,0.0018199287015970456,0.0019224625722022869,2.794299889839477e-06,79.9085850000172,3168510.544886193
31,0.0083932718262076,0.0086723249405622,0.0002790529,0.0009792126966309,0.0019584253932618,0.0019224625722022869,0.001999186336144061,3.012339694311428e-06,179.06941,2705120.3009499847
32,0.0086723249405622,0.0089496066793799,0.00027728154,0.0010198442681975,0.002039688536395,0.001999186336144061,0.002019351116726814,3.267515011377433e-06,345.4764000000121,2284513.297880449
33,0.0089496066793799,0.0092211226001381,0.00027151554,0.0009997182974731,0.0019994365949462,0.002019351116726814,0.0020298808864747343,3.139822913717296e-06,413.8121299999994,2422659.035041091
34,0.0092211226001381,0.0094905439764261,0.00026942178,0.0010300451614079,0.0020600903228158,0.0020298808864747343,0.0020601251722302477,3.3332079228203208e-06,316.07962,2133122.581582287
35,0.0094905439764261,0.0097642987966537,0.00027375462,0.0010300802910859,0.0020601605821718,0.0020601251722302477,0.0019809357233328702,3.3334352847309253e-06,124.63958999999993,2167131.736536012
36,0.0097642987966537,0.010041669011116,0.00027736975,0.000950332283289,0.001900664566578,0.0019809357233328702,0.0017726363439295144,2.8372711243406845e-06,112.31837500002229,3030856.341327688
37,0.010041669011116,0.0103208106011152,0.0002791418,0.0008218952459052,0.0016437904918104,0.0017726363439295144,0.0016051547079212979,2.1221828933445267e-06,235.5918,5452141.803932701
38,0.0103208106011152,0.0106091769412159,0.0002883659,0.0007826210665492,0.0015652421330984,0.0016051547079212979,0.0016277785313070082,1.924212097682228e-06,292.5342699999899,6850873.531931878
39,0.0106091769412159,0.0109148668125271,0.00030568964,0.0008470358935054,0.0016940717870108,0.0016277785313070082,0.0016754963705733967,2.2539978682041326e-06,330.76819999999975,5292753.068621493
40,0.0109148668125271,0.0112343374639749,0.00031947048,0.0008280417786519,0.0016560835573038,0.0016754963705733967,0.0016215445689308065,2.154043015796381e-06,359.73776,6056613.850962122
41,0.0112343374639749,0.0115551780909299,0.00032084028,0.0007934287340739,0.0015868574681478,0.0016215445689308065,0.0016149707315803311,1.9777241718803944e-06,379.62598,7215482.497888345
42,0.0115551780909299,0.0118673192337155,0.0003121407,0.0008211608567318,0.0016423217134636,0.0016149707315803311,0.0016440234537342573,2.1183921137755955e-06,394.28687,6118509.482446508
43,0.0118673192337155,0.012166584841907,0.0002992659,0.0008228274993932,0.0016456549987864,0.0016440234537342573,0.0016176033774820883,2.1269998926983547e-06,394.32604999999415,5818757.1046854025
44,0.012166584841907,0.0124508403241634,0.00028425522,0.000795479364151,0.001590958728302,0.0016176033774820883,0.0016194453465543284,1.987960306155177e-06,360.43744,6327045.360884965
45,0.0124508403241634,0.0127236479893326,0.0002728077,0.0008233923618128,0.0016467847236256,0.0016194453465543284,0.0017608885833278133,2.1299212211722326e-06,245.2276599999997,5289778.217281804
46,0.0127236479893326,0.0129962880164384,0.00027264009,0.000937461163574,0.001874922327148,0.0017608885833278133,0.0023043241084067367,2.7609366575003377e-06,201.9748,3146188.6240907684
47,0.0129962880164384,0.0133045082911849,0.00030822004,0.0013948819812829,0.0027897639625658,0.0023043241084067367,0.002829107810348369,6.11258344827063e-06,451.91460000006424,725636.6290241143
48,0.0133045082911849,0.0135895861312747,0.00028507796,0.0014327487808291,0.0028654975616582,0.002829107810348369,0.0028069379910343004,6.44896422658439e-06,830.5588400000016,602964.32311176
49,0.0135895861312747,0.0138454930856823,0.000255907,0.0013771852946075,0.002754370589215,0.0028069379910343004,0.002814568478942873,5.958468203492002e-06,1077.802200000001,634046.1362439429
50,0.0138454930856823,0.0140865435823798,0.00024105012,0.0014356358160291,0.0028712716320582,0.002814568478942873,0.0028525196260314966,6.474980155268263e-06,1201.9776999999747,505752.891139065
51,0.0140865435823798,0.0143379922956228,0.0002514485,0.0014164793565331,0.0028329587130662,0.0028525196260314966,0.0032114428767408103,6.303334751990517e-06,1128.214499999997,556693.6197445566
52,0.0143379922956228,0.0146361365914344,0.00029814392,0.0018301069462524,0.0036602138925048,0.0032114428767408103,0.0030634117593000528,1.0522109366052691e-05,653.3064,236879.9202789662
53,0.0146361365914344,0.0149170979857444,0.00028096116,0.0012505025129783,0.0025010050259566,0.0030634117593000528,0.0025352225720315265,4.91268604224997e-06,241.42330999999953,1024038.2609682672
54,0.0149170979857444,0.0152084780856966,0.00029137966,0.0012853544923732,0.0025707089847464,0.0025352225720315265,0.0026220460163762314,5.1903388577449264e-06,166.51326,951427.5171857288
55,0.0152084780856966,0.0155083648860454,0.00029988674,0.0013374409038464,0.0026748818076928,0.0026220460163762314,0.0026719337399450584,5.619518114020462e-06,78.79095,835347.2071884042
56,0.0155083648860454,0.0158065352588892,0.00029817046,0.0013345012728564,0.0026690025457128,0.0026719337399450584,0.0025878071360006362,5.594842399042917e-06,38.394863,837908.9150977206
57,0.0158065352588892,0.0160997025668621,0.00029316824,0.0012539870607732,0.0025079741215464,0.0025878071360006362,0.0025197058476675986,4.940102764131078e-06,86.04777500001228,1056702.811401878
58,0.0160997025668621,0.0163896717131137,0.0002899693,0.0012656547962031,0.0025313095924062,0.0025197058476675986,0.0025685346695313496,5.032460921515934e-06,159.79309,1007161.4360340748
59,0.0163896717131137,0.016675604507327,0.00028593198,0.0013026207879775,0.002605241575955,0.0025685346695313496,0.002579601200027327,5.330720128156964e-06,272.6699799999796,885113.307606978
60,0.016675604507327,0.016962356865406,0.00028675166,0.0012769436657828,0.0025538873315656,0.002579601200027327,0.0025847697916142483,5.12263425158412e-06,324.11809999999934,961229.6276787842
61,0.016962356865406,0.0172590184956789,0.00029666093,0.0013083597268534,0.0026167194537068,0.0025847697916142483,0.0026454979257149644,5.377794561691832e-06,268.9082599999835,902318.4626920428
62,0.0172590184956789,0.017564246430993,0.00030522808,0.0013375536977746,0.0026751073955492,0.0026454979257149644,0.0026707180908008233,5.620466005249147e-06,173.7453599999852,849938.9576789587
63,0.017564246430993,0.0178709421306848,0.00030669585,0.0013331538394949,0.0026663076789898,0.0026707180908008233,0.002667557891454738,5.583549983533651e-06,80.53394,865356.3274070596
64,0.0178709421306848,0.0181760564446449,0.00030511498,0.0013344008287843,0.0026688016575686,0.002667557891454738,0.0026589388024752733,5.594000215350396e-06,82.33971000001303,857682.4388455844
65,0.0181760564446449,0.0184783935546875,0.00030233673,0.0013245828604081,0.0026491657208162,0.0026589388024752733,0.002618381039505261,5.511986370017895e-06,163.79568,875351.6313059279
66,0.0184783935546875,0.0187795143574476,0.00030112048,0.0012938601027427,0.0025877202054854,0.002618381039505261,0.002579324192305233,5.259258471485187e-06,185.37493999999919,957633.2310893538
67,0.0187795143574476,0.0190790593624115,0.00029954468,0.001285486058186,0.002570972116372,0.002579324192305233,0.002554891443413996,5.191401453477184e-06,180.35751000000076,977687.998407832
68,0.0190790593624115,0.0193732902407646,0.00029423094,0.0012695480261178,0.0025390960522356,0.002554891443413996,0.0024789637484052677,5.06346884145847e-06,185.00222999999738,1009485.2621164032
69,0.0193732902407646,0.0196591895073652,0.00028589918,0.0012102670928372,0.0024205341856744,0.0024789637484052677,0.002384518962098312,4.60163664272436e-06,170.39972,1187671.0123741718
70,0.0196591895073652,0.0199377182871103,0.0002785281,0.00117471610573,0.00234943221146,0.002384518962098312,0.002371779370439011,4.335265692203061e-06,133.4192999999917,1303603.4300287496
71,0.0199377182871103,0.0202140286564826,0.00027631113,0.001196974270011,0.002393948540022,0.002371779370439011,0.0024074728528249685,4.501108715929581e-06,86.0375400000083,1199685.2184831812
72,0.0202140286564826,0.0204910822212696,0.00027705278,0.0012105167710696,0.0024210335421392,0.0024074728528249685,0.0023827038003894326,4.603535474844813e-06,55.77591,1149972.4169305274
73,0.0204910822212696,0.0207673944532871,0.00027631133,0.0011722383101861,0.0023444766203722,0.0023827038003894326,0.002345838546576157,4.316996472659261e-06,58.46381800000945,1304197.1050966007
74,0.0207673944532871,0.0210455898195505,0.00027819496,0.0011736048773172,0.0023472097546344,0.002345838546576157,0.002325977971534887,4.327067640204075e-06,108.78081,1306982.6222429443
75,0.0210455898195505,0.0213300343602895,0.00028444448,0.0011521346266997,0.0023042692533994,0.002325977971534887,0.0022926129200248925,4.1701946928352e-06,169.09998000000016,1438774.668674227
76,0.0213300343602895,0.0216218493878841,0.0002918148,0.0011403272746913,0.0022806545493826,0.0022926129200248925,0.0022712963512232123,4.0851583624841545e-06,183.70544,1538145.615288931
77,0.0216218493878841,0.0219218023121356,0.00029995202,0.0011308385896784,0.0022616771793568,0.0022712963512232123,0.0022669647718402772,4.017455854850846e-06,179.76926000000068,1634773.126369869
78,0.0219218023121356,0.0222307350486516,0.00030893288,0.0011362053305615,0.002272410661123,0.0022669647718402772,0.0022432182711688555,4.055678473181339e-06,169.04892,1652133.119178081
79,0.0222307350486516,0.022540533915162,0.00030979948,0.0011069720184234,0.0022139440368468,0.0022432182711688555,0.0022314552754521574,3.849666952741043e-06,161.73495,1838832.988702878
80,0.022540533915162,0.0228427536785602,0.0003022207,0.001124269054368,0.002248538108736,0.0022314552754521574,0.0022394505955229305,3.970913130482924e-06,136.66958999999932,1685975.8315739415
81,0.0228427536785602,0.0231391675770282,0.00029641422,0.0011152688300762,0.0022305376601524,0.0022394505955229305,0.0021620165458124028,3.90759011054243e-06,76.89989500000034,1707611.0242115532
82,0.0231391675770282,0.0234347227960824,0.00029555548,0.0010468469649121,0.0020936939298242,0.0021620165458124028,0.002025942175545435,3.4428354742117028e-06,105.66069000000114,2193382.723716516
83,0.0234347227960824,0.0237376559525728,0.0003029334,0.0009782495679716,0.0019564991359432,0.002025942175545435,0.0019468580335773088,3.0064168873602512e-06,203.63879999999887,2948197.9895612616
84,0.0237376559525728,0.0240585580468177,0.00032090157,0.0009683225273309,0.0019366450546618,0.0019468580335773088,0.001982104255346108,2.94570969245725e-06,234.1588099999949,3253118.5720681828
85,0.0240585580468177,0.0243992414325475,0.00034068275,0.001015182843364,0.002030365686728,0.001982104255346108,0.002008739420653896,3.237713467893025e-06,192.50742000000042,2858783.2060504365
86,0.0243992414325475,0.0247485283762216,0.0003492878,0.0009932835043414,0.0019865670086828,0.002008739420653896,0.001998634818418301,3.0995333881248824e-06,137.6656500000077,3198148.9434015267
87,0.0247485283762216,0.0250919088721275,0.00034338047,0.0010052492806497,0.0020104985612994,0.001998634818418301,0.0020329833083905773,3.1746614230617244e-06,138.38452000000623,2997013.281720626
88,0.0250919088721275,0.0254212226718664,0.0003293141,0.0010272734801712,0.0020545469603424,0.0020329833083905773,0.0020128663163575377,3.315293834304099e-06,178.7014800000009,2635567.6842489694
89,0.0254212226718664,0.0257359649986028,0.00031474204,0.0009865149785002,0.0019730299570004,0.0020128663163575377,0.0019332736088238569,3.0574350500800205e-06,184.39917,2961748.541151752
90,0.0257359649986028,0.0260390248149633,0.00030306028,0.0009474964623701,0.0018949929247402,0.0019332736088238569,0.0018998237620481615,2.8203633791176626e-06,124.16024000001015,3351404.2484602933
91,0.0260390248149633,0.0263362117111682,0.00029718768,0.0009522804918859,0.0019045609837718,0.0018998237620481615,0.001967039421684263,2.8489160236230475e-06,96.94076500000472,3220916.197229968
92,0.0263362117111682,0.0266374144703149,0.0003012025,0.0010151810628848,0.0020303621257696,0.001967039421684263,0.00202266582293318,3.237702110970627e-06,151.9949299999911,2527508.8715840154
93,0.0266374144703149,0.0269486140459775,0.00031119992,0.0010073570412195,0.002014714082439,0.00202266582293318,0.001975197892792583,3.187988348903157e-06,208.15591,2693481.347795376
94,0.0269486140459775,0.0272668451070785,0.0003182307,0.0009673944217997,0.0019347888435994,0.001975197892792583,0.0018548230591251492,2.940065665409445e-06,230.33821,3238440.8156498447
95,0.0272668451070785,0.0275885220617055,0.00032167687,0.0008869956915626,0.0017739913831252,0.0018548230591251492,0.0017565296685030994,2.471683698810314e-06,195.15134,4631716.384478532
96,0.0275885220617055,0.0279120933264493,0.0003235705,0.0008694825621559,0.0017389651243118,0.0017565296685030994,0.0017830000203346713,2.375043813300738e-06,122.737114,5045841.255023074
97,0.0279120933264493,0.0282366275787353,0.00032453367,0.000913582984789,0.001827165969578,0.0017830000203346713,0.0018658264189442709,2.622079634730791e-06,81.069046,4152177.8166161184
98,0.0282366275787353,0.028564753010869,0.00032812558,0.0009524573355011,0.0019049146710022,0.0018658264189442709,0.0019300899885579643,2.8499742399648405e-06,76.15309000000039,3553580.238114868
99,0.028564753010869,0.0289019774645566,0.0003372247,0.0009779817127984,0.0019559634255968,0.0019300899885579643,0.0019698342778062066,3.004770734691969e-06,78.82165999999997,3285523.5350756343
100,0.0289019774645566,0.0292482171207666,0.00034624024,0.0009920379734805,0.001984075946961,0.0019698342778062066,0.0019694032106755467,3.0917649232517726e-06,75.25611,3186196.253771237
101,0.0292482171207666,0.0295907985419034,0.00034258157,0.0009774427504399,0.0019548855008798,0.0019694032106755467,0.0018696767317367719,3.0014598096270583e-06,123.96523,3345082.588929788
102,0.0295907985419034,0.0299143679440021,0.00032356856,0.0008945983692076,0.0017891967384152,0.0018696767317367719,0.0017718776012454723,2.51423621108275e-06,208.49694999998678,4502586.497960271
103,0.0299143679440021,0.0302179437130689,0.00030357644,0.0008778143142656,0.0017556286285312,0.0017718776012454723,0.0018408710202362654,2.42077925875253e-06,222.73029,4556858.918380351
104,0.0302179437130689,0.0305115263909101,0.00029358224,0.0009616537036836,0.0019233074073672,0.0018408710202362654,0.001969588873007076,2.905275286594697e-06,142.44705,3059589.288411066
105,0.0305115263909101,0.0308047588914632,0.00029323186,0.0010079075676982,0.0020158151353964,0.001969588873007076,0.002047407094809156,3.19147380938323e-06,113.76861000000474,2532424.5389511646
106,0.0308047588914632,0.031106786802411,0.0003020272,0.0010399733222184,0.0020799466444368,0.002047407094809156,0.002039414177686155,3.397772290055545e-06,193.78256,2301258.6476406204
107,0.031106786802411,0.0314268507063388,0.00032006548,0.0009982306307513,0.0019964612615026,0.002039414177686155,0.0019401269904371085,3.130485214006124e-06,213.31699,2872919.2798210736
108,0.0314268507063388,0.0317607596516609,0.00033390804,0.0009406779306389,0.0018813558612778,0.0019401269904371085,0.0017497196714125211,2.779916702556569e-06,170.07266000000735,3800766.854666504
109,0.0317607596516609,0.0320933945477008,0.00033263362,0.0008092928735982,0.0016185857471964,0.0017497196714125211,0.001541790209812322,2.0576016758674217e-06,190.87737999999652,6911167.831304014
110,0.0320933945477008,0.0324144773185253,0.00032108426,0.0007338308578536,0.0014676617157072,0.001541790209812322,0.0014451063368546317,1.69177192199193e-06,257.76269999999005,9868322.044579385
111,0.0324144773185253,0.0327179878950119,0.000303512,0.000711892683561,0.001423785367122,0.0014451063368546317,0.0014534258742659818,1.592131488543125e-06,281.49426,10532365.989204526
112,0.0327179878950119,0.0330064408481121,0.00028845112,0.0007407979352837,0.0014815958705674,0.0014534258742659818,0.001540390417337709,1.7240481830457325e-06,226.9146399999973,8536529.210126609
113,0.0330064408481121,0.0332897305488586,0.00028329142,0.0007990662765173,0.0015981325530346,0.001540390417337709,0.0016662620117388908,2.005928631128496e-06,115.24572999998783,6193132.567601381
114,0.0332897305488586,0.0335719026625156,0.00028217037,0.0008670613487556,0.0017341226975112,0.0016662620117388908,0.0017816597509388436,2.361834850683634e-06,44.45579,4449592.755072611
115,0.0335719026625156,0.033854279667139,0.00028237727,0.0009146156609986,0.0018292313219972,0.0017816597509388436,0.0018456219089718786,2.628010764519376e-06,62.701912,3596527.464744024
116,0.033854279667139,0.0341420508921146,0.0002877704,0.0009311628018647,0.0018623256037294,0.0018456219089718786,0.0019276930431830987,2.723962406483492e-06,90.24572,3411550.8058354813
117,0.0341420508921146,0.0344352833926677,0.0002932333,0.000997150507644,0.001994301015288,0.0019276930431830987,0.0020751034063190604,3.1237142735827407e-06,117.59012999999543,2643495.620767802
118,0.0344352833926677,0.0347269959747791,0.0002917144,0.0010777434862736,0.0021554869725472,0.0020751034063190604,0.0022110274169417766,3.6490573262768463e-06,209.05264,1927100.551758671
119,0.0347269959747791,0.0350160039961338,0.00028900825,0.001133026464046,0.002266052928092,0.0022110274169417766,0.002322311034908227,4.033016327641049e-06,260.0224299999971,1562997.1277385645
120,0.0350160039961338,0.035306628793478,0.0002906236,0.0011894419311249,0.0023788838622498,0.002322311034908227,0.0024200056761010964,4.444637659483118e-06,244.88144000000037,1294094.7337702245
121,0.035306628793478,0.0354519262909889,0.00014529817,0.0012202822372971,0.0024405644745942,0.0024200056761010964,0.0024508800720573647,4.678110241927079e-06,269.1069000000069,584019.2566661034
122,0.0354519262909889,0.0358927100896835,0.00044078362,0.0012410870647577,0.0024821741295154,0.0024508800720573647,0.0024821741295154,4.838986060959883e-06,305.39557,1655863.9075077295
