model,global_s_mm,distance_from_inlet_mm,pressure_loss_Pa,pressure_loss_mmHg,data_type
Analytical (Poiseuille),19.671598192628114,0.0,0.0,0.0,model
Analytical (Poiseuille),19.75311128718782,0.0815130945597069,0.7313042453483688,0.005485248086200093,model
Analytical (Poiseuille),19.834624381747528,0.1630261891194138,1.4626084906967376,0.010970496172400186,model
Analytical (Poiseuille),19.916137476307235,0.2445392836791207,2.1939127360451063,0.016455744258600278,model
Analytical (Poiseuille),19.99765057086694,0.3260523782388276,2.925216981393475,0.02194099234480037,model
Analytical (Poiseuille),20.07916366542665,0.4075654727985345,3.656521226741844,0.027426240431000466,model
Analytical (Poiseuille),20.160676759986355,0.4890785673582414,4.387825472090213,0.032911488517200556,model
Analytical (Poiseuille),20.242189854546062,0.5705916619179483,5.1191297174385815,0.03839673660340065,model
Analytical (Poiseuille),20.32370294910577,0.6521047564776552,5.85043396278695,0.04388198468960074,model
Analytical (Poiseuille),20.405216043665476,0.7336178510373621,6.581738208135319,0.04936723277580084,model
Analytical (Poiseuille),20.486729138225183,0.815130945597069,7.313042453483688,0.05485248086200093,model
Analytical (Poiseuille),20.56824223278489,0.8966440401567759,8.044346698832056,0.06033772894820102,model
Analytical (Poiseuille),20.649755327344597,0.9781571347164828,8.775650944180425,0.06582297703440111,model
Analytical (Poiseuille),20.731268421904304,1.0596702292761897,9.506955189528794,0.07130822512060121,model
Analytical (Poiseuille),20.81278151646401,1.1411833238358966,10.238259434877163,0.0767934732068013,model
Analytical (Poiseuille),20.894294611023717,1.2226964183956035,10.969563680225532,0.0822787212930014,model
Analytical (Poiseuille),20.97580770558342,1.3042095129553068,11.700867925573869,0.08776396937920125,model
Analytical (Poiseuille),21.05732080014313,1.3857226075150173,12.43217217092227,0.09324921746540159,model
Analytical (Poiseuille),21.138833894702834,1.4672357020747206,13.163476416270607,0.09873446555160144,model
Analytical (Poiseuille),21.22034698926254,1.5487487966344275,13.894780661618976,0.10421971363780153,model
Analytical (Poiseuille),21.30186008382225,1.6302618911941344,14.626084906967344,0.10970496172400163,model
Analytical (Poiseuille),21.383373178381955,1.7117749857538413,15.357389152315713,0.11519020981020171,model
Analytical (Poiseuille),21.464886272941662,1.7932880803135482,16.08869339766408,0.1206754578964018,model
Analytical (Poiseuille),21.54639936750137,1.8748011748732551,16.81999764301245,0.1261607059826019,model
Analytical (Poiseuille),21.627912462061076,1.956314269432962,17.55130188836082,0.13164595406880197,model
Analytical (Poiseuille),21.709425556620783,2.037827363992669,18.282606133709187,0.13713120215500207,model
Analytical (Poiseuille),21.79093865118049,2.119340458552376,19.013910379057556,0.14261645024120218,model
Analytical (Poiseuille),21.872451745740197,2.2008535531120827,19.745214624405925,0.14810169832740228,model
Analytical (Poiseuille),21.953964840299903,2.2823666476717897,20.476518869754294,0.15358694641360235,model
Analytical (Poiseuille),22.03547793485961,2.3638797422314966,21.207823115102663,0.15907219449980245,model
Analytical (Poiseuille),22.116991029419317,2.4453928367912035,21.93912736045103,0.16455744258600255,model
Analytical (Poiseuille),22.198504123979024,2.5269059313509104,22.6704316057994,0.17004269067220265,model
Analytical (Poiseuille),22.28001721853873,2.6084190259106173,23.40173585114777,0.17552793875840272,model
Analytical (Poiseuille),22.361530313098438,2.689932120470324,24.13304009649614,0.18101318684460282,model
Analytical (Poiseuille),22.443043407658145,2.771445215030031,24.864344341844507,0.18649843493080293,model
Analytical (Poiseuille),22.52455650221785,2.852958309589738,25.595648587192876,0.19198368301700303,model
Analytical (Poiseuille),22.60606959677756,2.934471404149445,26.326952832541245,0.1974689311032031,model
Analytical (Poiseuille),22.687582691337266,3.0159844987091518,27.058257077889614,0.2029541791894032,model
Analytical (Poiseuille),22.769095785896972,3.0974975932688587,27.789561323237983,0.2084394272756033,model
Analytical (Poiseuille),22.85060888045668,3.1790106878285656,28.520865568586352,0.2139246753618034,model
Analytical (Poiseuille),22.932121975016386,3.2605237823882725,29.25216981393472,0.21940992344800347,model
Analytical (Poiseuille),23.013635069576093,3.3420368769479794,29.98347405928309,0.22489517153420358,model
Analytical (Poiseuille),23.0951481641358,3.4235499715076863,30.71477830463146,0.23038041962040368,model
Analytical (Poiseuille),23.176661258695507,3.505063066067393,31.446082549979828,0.23586566770660378,model
Analytical (Poiseuille),23.258174353255214,3.5865761606271,32.1773867953282,0.24135091579280385,model
Analytical (Poiseuille),23.33968744781492,3.668089255186807,32.90869104067656,0.2468361638790039,model
Analytical (Poiseuille),23.421200542374628,3.749602349746514,33.639995286024934,0.252321411965204,model
Analytical (Poiseuille),23.50271363693433,3.831115444306217,34.371299531373275,0.25780666005140396,model
Analytical (Poiseuille),23.58422673149404,3.9126285388659277,35.10260377672167,0.2632919081376042,model
Analytical (Poiseuille),23.665739826053745,3.994141633425631,35.83390802207001,0.2687771562238041,model
Analytical (Poiseuille),23.747252920613455,4.0756547279853415,36.56521226741841,0.2742624043100044,model
Analytical (Poiseuille),23.82876601517316,4.157167822545045,37.29651651276675,0.2797476523962043,model
Analytical (Poiseuille),23.91027910973287,4.238680917104755,38.02782075811515,0.2852329004824046,model
Analytical (Poiseuille),23.991792204292572,4.320194011664459,38.75912500346349,0.2907181485686045,model
Analytical (Poiseuille),24.07330529885228,4.4017071062241655,39.49042924881185,0.29620339665480455,model
Analytical (Poiseuille),24.154818393411986,4.483220200783872,40.221733494160226,0.3016886447410047,model
Analytical (Poiseuille),24.236331487971693,4.564733295343579,40.95303773950859,0.3071738928272047,model
Analytical (Poiseuille),24.3178445825314,4.646246389903286,41.684341984856964,0.31265914091340485,model
Analytical (Poiseuille),24.399357677091107,4.727759484462993,42.415646230205326,0.3181443889996049,model
Analytical (Poiseuille),24.480870771650814,4.8092725790227,43.1469504755537,0.32362963708580506,model
Analytical (Poiseuille),24.56238386621052,4.890785673582407,43.87825472090206,0.3291148851720051,model
Analytical (Poiseuille),24.643896960770228,4.972298768142114,44.60955896625044,0.33460013325820526,model
Analytical (Poiseuille),24.725410055329935,5.053811862701821,45.3408632115988,0.3400853813444053,model
Analytical (Poiseuille),24.80692314988964,5.135324957261528,46.07216745694717,0.3455706294306054,model
Analytical (Poiseuille),24.88843624444935,5.2168380518212345,46.80347170229554,0.35105587751680545,model
Analytical (Poiseuille),24.969949339009055,5.298351146380941,47.53477594764391,0.35654112560300555,model
Analytical (Poiseuille),25.051462433568762,5.379864240940648,48.26608019299228,0.36202637368920565,model
Analytical (Poiseuille),25.13297552812847,5.461377335500355,48.997384438340646,0.36751162177540575,model
Analytical (Poiseuille),25.214488622688176,5.542890430060062,49.728688683689015,0.37299686986160585,model
Analytical (Poiseuille),25.296001717247883,5.624403524619769,50.45999292903738,0.3784821179478059,model
Analytical (Poiseuille),25.37751481180759,5.705916619179476,51.19129717438575,0.38396736603400605,model
Analytical (Poiseuille),25.459027906367297,5.787429713739183,51.922601419734114,0.3894526141202061,model
Analytical (Poiseuille),25.540541000927004,5.86894280829889,52.65390566508249,0.3949378622064062,model
Analytical (Poiseuille),25.62205409548671,5.950455902858597,53.38520991043085,0.40042311029260624,model
Analytical (Poiseuille),25.703567190046417,6.0319689974183035,54.11651415577923,0.4059083583788064,model
Analytical (Poiseuille),25.785080284606124,6.11348209197801,54.84781840112759,0.41139360646500645,model
Analytical (Poiseuille),25.866593379165828,6.194995186537714,55.57912264647593,0.4168788545512063,model
Analytical (Poiseuille),25.948106473725538,6.276508281097424,56.31042689182433,0.42236410263740665,model
Analytical (Poiseuille),26.02961956828524,6.3580213756571275,57.04173113717267,0.4278493507236065,model
Analytical (Poiseuille),26.111132662844952,6.439534470216838,57.773035382521066,0.43333459880980685,model
Analytical (Poiseuille),26.192645757404655,6.521047564776541,58.504339627869406,0.4388198468960067,model
Analytical (Poiseuille),26.274158851964366,6.602560659336252,59.2356438732178,0.444305094982207,model
Analytical (Poiseuille),26.35567194652407,6.684073753895955,59.966948118566144,0.4497903430684069,model
Analytical (Poiseuille),26.43718504108378,6.765586848455666,60.69825236391454,0.4552755911546072,model
Analytical (Poiseuille),26.518698135643483,6.847099943015369,61.42955660926288,0.4607608392408071,model
Analytical (Poiseuille),26.60021123020319,6.928613037575076,62.16086085461126,0.46624608732700723,model
Analytical (Poiseuille),26.681724324762897,7.010126132134783,62.89216509995962,0.4717313354132073,model
Analytical (Poiseuille),26.763237419322603,7.09163922669449,63.623469345307996,0.47721658349940743,model
Analytical (Poiseuille),26.84475051388231,7.1731523212541966,64.35477359065636,0.48270183158560753,model
Analytical (Poiseuille),26.926263608442017,7.2546654158139035,65.08607783600472,0.4881870796718075,model
Analytical (Poiseuille),27.007776703001724,7.33617851037361,65.8173820813531,0.4936723277580077,model
Analytical (Poiseuille),27.08928979756143,7.417691604933317,66.54868632670147,0.4991575758442078,model
Analytical (Poiseuille),27.170802892121138,7.499204699493024,67.27999057204984,0.5046428239304079,model
Analytical (Poiseuille),27.252315986680845,7.580717794052731,68.0112948173982,0.5101280720166079,model
Analytical (Poiseuille),27.33382908124055,7.662230888612438,68.74259906274658,0.515613320102808,model
Analytical (Poiseuille),27.41534217580026,7.743743983172145,69.47390330809495,0.5210985681890081,model
Analytical (Poiseuille),27.496855270359966,7.825257077731852,70.20520755344332,0.5265838162752082,model
Analytical (Poiseuille),27.578368364919672,7.906770172291559,70.93651179879167,0.5320690643614082,model
Analytical (Poiseuille),27.65988145947938,7.9882832668512656,71.66781604414004,0.5375543124476083,model
Analytical (Poiseuille),27.741394554039086,8.069796361410972,72.39912028948842,0.5430395605338085,model
Analytical (Poiseuille),27.822907648598793,8.15130945597068,73.13042453483678,0.5485248086200085,model
Analytical (Poiseuille),27.9044207431585,8.232822550530386,73.86172878018515,0.5540100567062086,model
Analytical (Poiseuille),27.985933837718207,8.314335645090093,74.59303302553352,0.5594953047924087,model
Analytical (Poiseuille),28.067446932277914,8.3958487396498,75.3243372708819,0.5649805528786089,model
Analytical (Poiseuille),28.14896002683762,8.477361834209507,76.05564151623025,0.5704658009648089,model
Analytical (Poiseuille),28.230473121397324,8.55887492876921,76.7869457615786,0.5759510490510088,model
Analytical (Poiseuille),28.311986215957035,8.64038802332892,77.51825000692699,0.5814362971372091,model
Analytical (Poiseuille),28.393499310516738,8.721901117888624,78.24955425227533,0.586921545223409,model
Analytical (Poiseuille),28.47501240507645,8.803414212448335,78.98085849762373,0.5924067933096093,model
Analytical (Poiseuille),28.55652549963615,8.884927307008038,79.71216274297207,0.5978920413958092,model
Analytical (Poiseuille),28.638038594195862,8.966440401567748,80.44346698832047,0.6033772894820095,model
Analytical (Poiseuille),28.719551688755566,9.047953496127452,81.1747712336688,0.6088625375682094,model
Analytical (Poiseuille),28.801064783315276,9.129466590687162,81.9060754790172,0.6143477856544096,model
Analytical (Poiseuille),28.88257787787498,9.210979685246866,82.63737972436554,0.6198330337406095,model
Analytical (Poiseuille),28.96409097243469,9.292492779806576,83.36868396971394,0.6253182818268098,model
Analytical (Poiseuille),29.045604066994393,9.37400587436628,84.09998821506228,0.6308035299130097,model
Analytical (Poiseuille),29.127117161554104,9.45551896892599,84.83129246041068,0.63628877799921,model
Analytical (Poiseuille),29.208630256113807,9.537032063485693,85.56259670575902,0.6417740260854099,model
Analytical (Poiseuille),29.290143350673517,9.618545158045404,86.29390095110742,0.6472592741716102,model
Analytical (Poiseuille),29.37165644523322,9.700058252605107,87.02520519645576,0.6527445222578101,model
Analytical (Poiseuille),29.453169539792928,9.781571347164814,87.75650944180413,0.6582297703440102,model
Analytical (Poiseuille),29.534682634352635,9.86308444172452,88.4878136871525,0.6637150184302103,model
Analytical (Poiseuille),29.61619572891234,9.944597536284228,89.21911793250088,0.6692002665164105,model
Analytical (Poiseuille),29.69770882347205,10.026110630843935,89.95042217784923,0.6746855146026105,model
Analytical (Poiseuille),29.779221918031755,10.107623725403641,90.6817264231976,0.6801707626888106,model
Analytical (Poiseuille),29.860735012591462,10.189136819963348,91.41303066854597,0.6856560107750107,model
Analytical (Poiseuille),29.94224810715117,10.270649914523055,92.14433491389434,0.6911412588612108,model
Analytical (Poiseuille),30.023761201710876,10.352163009082762,92.87563915924271,0.6966265069474109,model
Analytical (Poiseuille),30.105274296270583,10.433676103642469,93.60694340459108,0.7021117550336109,model
Analytical (Poiseuille),30.18678739083029,10.515189198202176,94.33824764993945,0.707597003119811,model
Analytical (Poiseuille),30.268300485389997,10.596702292761883,95.06955189528782,0.7130822512060111,model
Analytical (Poiseuille),30.349813579949704,10.67821538732159,95.80085614063618,0.7185674992922112,model
Analytical (Poiseuille),30.43132667450941,10.759728481881297,96.53216038598455,0.7240527473784113,model
Analytical (Poiseuille),30.512839769069117,10.841241576441004,97.26346463133292,0.7295379954646114,model
Analytical (Poiseuille),30.594352863628824,10.92275467100071,97.99476887668129,0.7350232435508115,model
Analytical (Poiseuille),30.67586595818853,11.004267765560417,98.72607312202966,0.7405084916370116,model
Analytical (Poiseuille),30.757379052748238,11.085780860120124,99.45737736737803,0.7459937397232117,model
Analytical (Poiseuille),30.838892147307945,11.167293954679831,100.1886816127264,0.7514789878094118,model
Analytical (Poiseuille),30.92040524186765,11.248807049239534,100.91998585807474,0.7569642358956117,model
Analytical (Poiseuille),31.00191833642736,11.330320143799245,101.65129010342314,0.762449483981812,model
Analytical (Poiseuille),31.083431430987062,11.411833238358948,102.38259434877148,0.7679347320680119,model
Analytical (Poiseuille),31.164944525546773,11.493346332918659,103.11389859411987,0.7734199801542122,model
Analytical (Poiseuille),31.246457620106476,11.574859427478362,103.84520283946821,0.7789052282404121,model
Analytical (Poiseuille),31.327970714666186,11.656372522038073,104.57650708481661,0.7843904763266124,model
Analytical (Poiseuille),31.40948380922589,11.737885616597776,105.30781133016495,0.7898757244128123,model
Analytical (Poiseuille),31.4909969037856,11.819398711157486,106.03911557551335,0.7953609724990125,model
Analytical (Poiseuille),31.572509998345303,11.90091180571719,106.77041982086169,0.8008462205852124,model
Analytical (Poiseuille),31.654023092905014,11.9824249002769,107.50172406621009,0.8063314686714127,model
Analytical (Poiseuille),31.735536187464717,12.063937994836603,108.23302831155843,0.8118167167576126,model
Analytical (Poiseuille),31.817049282024428,12.145451089396314,108.96433255690683,0.8173019648438129,model
Analytical (Poiseuille),31.89856237658413,12.226964183956017,109.69563680225517,0.8227872129300128,model
Analytical (Poiseuille),31.98007547114384,12.308477278515728,110.42694104760356,0.8282724610162131,model
Analytical (Poiseuille),32.061588565703545,12.389990373075431,111.1582452929519,0.833757709102413,model
Analytical (Poiseuille),32.143101660263255,12.471503467635142,111.8895495383003,0.8392429571886133,model
Analytical (Poiseuille),32.22461475482296,12.553016562194845,112.62085378364864,0.8447282052748132,model
Analytical (Poiseuille),32.30612784938266,12.634529656754548,113.35215802899698,0.8502134533610131,model
Analytical (Poiseuille),32.38764094394237,12.716042751314259,114.08346227434538,0.8556987014472134,model
Analytical (Poiseuille),32.46915403850208,12.797555845873969,114.81476651969378,0.8611839495334137,model
Analytical (Poiseuille),32.550667133061786,12.879068940433672,115.54607076504212,0.8666691976196136,model
Analytical (Poiseuille),32.63218022762149,12.960582034993376,116.27737501039046,0.8721544457058135,model
Analytical (Poiseuille),32.7136933221812,13.042095129553086,117.00867925573885,0.8776396937920138,model
Analytical (Poiseuille),32.79520641674091,13.123608224112797,117.73998350108725,0.883124941878214,model
Analytical (Poiseuille),32.876719511300614,13.2051213186725,118.47128774643559,0.8886101899644139,model
Analytical (Poiseuille),32.95823260586032,13.286634413232203,119.20259199178392,0.8940954380506136,model
Analytical (Poiseuille),33.03974570042003,13.368147507791914,119.93389623713233,0.8995806861368141,model
Analytical (Poiseuille),33.12125879497974,13.449660602351624,120.66520048248073,0.9050659342230144,model
Analytical (Poiseuille),33.20277188953944,13.531173696911328,121.39650472782905,0.9105511823092142,model
Analytical (Poiseuille),33.284284984099145,13.612686791471031,122.1278089731774,0.916036430395414,model
Analytical (Poiseuille),33.365798078658855,13.694199886030741,122.85911321852579,0.9215216784816144,model
Analytical (Poiseuille),33.44731117321856,13.775712980590445,123.59041746387413,0.9270069265678142,model
Analytical (Poiseuille),33.52882426777827,13.857226075150155,124.32172170922253,0.9324921746540146,model
Analytical (Poiseuille),33.61033736233797,13.938739169709859,125.05302595457087,0.9379774227402145,model
Analytical (Poiseuille),33.69185045689768,14.020252264269569,125.78433019991927,0.9434626708264148,model
Analytical (Poiseuille),33.773363551457386,14.101765358829272,126.51563444526761,0.9489479189126147,model
Analytical (Poiseuille),33.8548766460171,14.183278453388983,127.246938690616,0.954433166998815,model
Analytical (Poiseuille),33.9363897405768,14.264791547948686,127.97824293596436,0.959918415085015,model
Analytical (Poiseuille),34.01790283513651,14.346304642508397,128.70954718131276,0.9654036631712153,model
Analytical (Poiseuille),34.099415929696214,14.4278177370681,129.44085142666108,0.970888911257415,model
Analytical (Poiseuille),34.180929024255924,14.50933083162781,130.17215567200947,0.9763741593436153,model
Analytical (Poiseuille),34.26244211881563,14.590843926187514,130.90345991735782,0.9818594074298153,model
Analytical (Poiseuille),34.34395521337534,14.672357020747224,131.6347641627062,0.9873446555160154,model
Analytical (Poiseuille),34.42546830793504,14.753870115306928,132.36606840805456,0.9928299036022153,model
Analytical (Poiseuille),34.50698140249475,14.835383209866638,133.09737265340297,0.9983151516884158,model
Analytical (Poiseuille),34.588494497054455,14.916896304426341,133.8286768987513,1.0038003997746157,model
Analytical (Poiseuille),34.670007591614166,14.998409398986052,134.5599811440997,1.009285647860816,model
Analytical (Poiseuille),34.75152068617387,15.079922493545755,135.29128538944803,1.0147708959470159,model
Analytical (Poiseuille),34.83303378073357,15.161435588105459,136.02258963479636,1.0202561440332156,model
Analytical (Poiseuille),34.91454687529328,15.242948682665169,136.75389388014477,1.025741392119416,model
Analytical (Poiseuille),34.99605996985299,15.32446177722488,137.48519812549316,1.031226640205616,model
Analytical (Poiseuille),35.0775730644127,15.405974871784583,138.2165023708415,1.036711888291816,model
Analytical (Poiseuille),35.1590861589724,15.487487966344286,138.94780661618987,1.042197136378016,model
Analytical (Poiseuille),35.24059925353211,15.569001060903997,139.67911086153825,1.0476823844642162,model
Analytical (Poiseuille),35.32211234809182,15.650514155463707,140.41041510688666,1.0531676325504167,model
Analytical (Poiseuille),35.403625442651524,15.73202725002341,141.141719352235,1.0586528806366164,model
Analytical (Poiseuille),35.48513853721123,15.813540344583114,141.8730235975833,1.0641381287228162,model
Analytical (Poiseuille),35.56665163177094,15.895053439142824,142.60432784293172,1.0696233768090166,model
Analytical (Poiseuille),35.64816472633065,15.976566533702535,143.3356320882801,1.0751086248952169,model
Analytical (Poiseuille),35.72967782089035,16.058079628262238,144.06693633362846,1.0805938729814168,model
Analytical (Poiseuille),35.811190915450055,16.13959272282194,144.79824057897682,1.0860791210676168,model
Analytical (Poiseuille),35.892704010009766,16.221105817381652,145.5295448243252,1.091564369153817,model
CFD,19.671598192628114,0.0,0.0,0.0,measured area average
CFD,27.312602808367757,7.641004615739643,124.16477435512064,0.9313149694358068,measured area average
CFD,35.892704010009766,16.221105817381652,356.36595884094373,2.672971893918061,measured area average
Native 0D,19.671598192628114,0.0,0.0,0.0,model
Native 0D,19.93771828711033,0.26612009448221485,1.276793988763238,0.009576768941084278,model
Native 0D,20.214028656482697,0.5424304638545827,2.5065891397545554,0.018801016634573106,model
Native 0D,20.491082221269608,0.8194840286414937,3.6854304659290005,0.02764307815611077,model
Native 0D,20.767394453287125,1.0957962606590108,5.022368632589096,0.037670966776594234,model
Native 0D,21.045589819550514,1.3739916269224004,6.362159835638912,0.0477202549889659,model
Native 0D,21.330034360289574,1.6584361676614598,7.837049521649769,0.058782867956149544,model
Native 0D,21.62184938788414,1.9502511952560262,9.41380539591144,0.07060954228042964,model
Native 0D,21.921802312135696,2.2502041195075826,11.089618074644704,0.08317920579232763,model
Native 0D,22.230735048651695,2.5591368560235814,12.783220606857935,0.09588230454732104,model
Native 0D,22.540533915162086,2.8689357225339727,14.668206501873808,0.11002090054059951,model
Native 0D,22.842753678560257,3.171155485932143,16.396496779002177,0.12298417949777364,model
Native 0D,23.139167577028275,3.4675693844001607,18.146968736865738,0.13611383520248524,model
Native 0D,23.434722796082497,3.763124603454383,20.395405577164535,0.15297854500505945,model
Native 0D,23.737655952572823,4.066057759944709,23.41760420331192,0.1756469615165683,model
Native 0D,24.05855804681778,4.386959854189666,26.752384770543262,0.20065994187413377,model
Native 0D,24.39924143254757,4.7276432399194555,29.682932028627793,0.2226409146924573,model
Native 0D,24.748528376221657,5.076930183593543,32.961349929196196,0.2472311391157963,model
Native 0D,25.091908872127533,5.420310679499419,36.03359171900882,0.27027491126002323,model
Native 0D,25.421222671866417,5.749624479238303,38.7353125809138,0.290539540217772,model
Native 0D,25.735964998602867,6.064366805974753,41.77140697036751,0.31331218381338044,model
Native 0D,26.03902481496334,6.367426622335227,45.20692965079325,0.3390807942484605,model
Native 0D,26.33621171116829,6.664613518540175,48.50868552094119,0.36384606832286637,model
Native 0D,26.63741447031498,6.965816277686866,51.09963990663748,0.3832798780894187,model
Native 0D,26.948614045977592,7.277015853349479,53.86072723784995,0.403989793416315,model
Native 0D,27.266845107078552,7.595246914450438,57.18045984640375,0.42888990448990977,model
Native 0D,27.58852206170559,7.9169238690774755,61.928438525459875,0.4645027716765416,model
Native 0D,27.912093326449394,8.24049513382128,67.10094798259058,0.50329989036011,model
Native 0D,28.23662757873535,8.565029386107238,71.35735728386805,0.5352256738112844,model
Native 0D,28.564753010869026,8.893154818240912,75.00013458502343,0.5625488260378889,model
Native 0D,28.901977464556694,9.23037927192858,78.3681260050482,0.5878109089651236,model
Native 0D,29.24821712076664,9.576618928138526,81.63429366740371,0.6123092487916751,model
Native 0D,29.590798541903496,9.919200349275382,85.06333989524641,0.6380292817032929,model
Native 0D,29.91436794400215,10.242769751374038,89.67895823817972,0.6726493619821163,model
Native 0D,30.217943713068962,10.546345520440848,94.35018900572247,0.7076865709014452,model
Native 0D,30.51152639091015,10.839928198282035,97.4865817896285,0.7312115164011078,model
Native 0D,30.80475889146328,11.133160698835166,100.08257846831121,0.7506831465797934,model
Native 0D,31.10678680241108,11.435188609782966,102.44160669006759,0.7683773622512983,model
Native 0D,31.426850706338882,11.755252513710769,105.38662488736838,0.7904668763397518,model
Native 0D,31.76075965166092,12.089161459032805,109.28280554682023,0.8196907153119533,model
Native 0D,32.09339454770088,12.421796355072768,116.36747832979613,0.872830278047105,model
Native 0D,32.414477318525314,12.7428791258972,126.48345862541224,0.9487065797498705,model
Native 0D,32.7179878950119,13.046389702383788,137.28014694600114,1.029688625628187,model
Native 0D,33.006440848112106,13.334842655483993,146.03100802402116,1.095325662861502,model
Native 0D,33.28973054885864,13.618132356230529,152.37955634348336,1.1429438228010633,model
Native 0D,33.57190266251564,13.900304469887526,156.94086683730637,1.1771565595873628,model
Native 0D,33.85427966713905,14.18268147451094,160.6276674045271,1.2048099143766753,model
Native 0D,34.14205089211464,14.470452699486525,164.1248615649496,1.2310411002306416,model
Native 0D,34.43528339266777,14.763685200039657,166.83470436521026,1.2513666489042339,model
Native 0D,34.72699597477913,15.055397782151015,168.8101650341086,1.2661838633842022,model
Native 0D,35.016003996133804,15.34440580350569,170.41239383578963,1.2782016009044992,model
Native 0D,35.30662879347801,15.635030600849898,171.7389771856921,1.2881518217975436,model
Native 0D,35.45192629098892,15.780328098360808,172.33765315866606,1.2926422732832246,model
Native 0D,35.892704010009766,16.221105817381652,174.0350582055681,1.3053738933226933,model
0D (N=50),19.671598192628114,0.0,0.0,0.0,model
0D (N=50),20.09991765022278,0.4283194575946645,1.923773366842401,0.0144295267610927,model
0D (N=50),20.81777185201645,1.1461736593883352,5.174208221004442,0.038809860495675454,model
0D (N=50),21.53562605381012,1.8640278611820058,8.851915384877245,0.06639500896234113,model
0D (N=50),22.25348025560379,2.5818820629756765,12.824532815579746,0.09619217245150646,model
0D (N=50),22.97133445739746,3.299736264769347,17.056950570621993,0.1279380040100058,model
0D (N=50),23.689188659191128,4.017590466563014,22.42717751904416,0.16821812993387558,model
0D (N=50),24.407042860984802,4.735444668356688,29.184046063652005,0.21889895188830055,model
0D (N=50),25.12489706277847,5.4532988701503555,35.7605119730954,0.2682266390625358,model
0D (N=50),25.842751264572144,6.17115307194403,42.12567435020863,0.315969415026842,model
0D (N=50),26.56060546636581,6.889007273737697,49.438926340921036,0.3708234675516497,model
0D (N=50),27.278459668159485,7.606861475531371,56.322522893785184,0.4224548303639698,model
0D (N=50),27.996313869953152,8.324715677325038,67.34047802535984,0.5050965183942623,model
0D (N=50),28.714168071746826,9.042569879118712,75.9725984003596,0.5698429246512924,model
0D (N=50),29.432022273540493,9.76042408091238,83.00946596034045,0.6226239177355609,model
0D (N=50),30.149876475334167,10.478278282706054,93.63713634869853,0.702338221364055,model
0D (N=50),30.867730677127835,11.19613248449972,100.58767113012276,0.7544716635673239,model
0D (N=50),31.585584878921505,11.913986686293391,106.65292339365347,0.799964922470811,model
0D (N=50),32.30343908071518,12.631840888087066,119.7530021703151,0.8982238653059142,model
0D (N=50),33.02129328250885,13.349695089880736,143.26058825293694,1.0745457482856313,model
0D (N=50),33.73914748430252,14.067549291674407,155.02379398749844,1.1627772909759713,model
0D (N=50),34.457001686096184,14.78540349346807,162.56046077315634,1.219307096901909,model
0D (N=50),35.174855887889855,15.503257695261741,166.496607671779,1.2488307081485353,model
0D (N=50),35.892704010009766,16.221105817381652,169.35442294036582,1.270266144675041,model
1D,19.671598192628114,0.0,0.0,0.0,model
1D,19.798453897237778,0.1268557046096639,0.592618944293826,0.004445019908895951,model
1D,20.075873471796513,0.4042752791683988,1.875488311694463,0.01406735806314384,model
1D,20.352555438876152,0.6809572462480382,3.0798429394384286,0.023100785612565282,model
1D,20.629238337278366,0.9576401446502523,4.337840843177785,0.03253657193244765,model
1D,20.90649213641882,1.2348939437907056,5.676216119178202,0.042575239789218594,model
1D,21.187812089920044,1.5162138972919301,7.082979844642804,0.053126864618313584,model
1D,21.475941874086857,1.804343681458743,8.608400722481756,0.06456849374058111,model
1D,21.771825850009918,2.1002276573818044,10.234311373337698,0.07676386022815213,model
1D,22.076268680393696,2.404670487765582,11.919254275174238,0.0894020062343367,model
1D,22.38563448190689,2.714036289278777,13.708418041009217,0.10282187516695832,model
1D,22.69164379686117,3.020045604233058,15.514362841199905,0.11636761255606655,model
1D,22.990960627794266,3.319362435166152,17.254015157702998,0.12941611405246695,model
1D,23.286945186555386,3.6153469939272718,19.25383492547757,0.14441603730425265,model
1D,23.58618937432766,3.914591181699546,21.88478316374612,0.1641498264633453,model
1D,23.8981069996953,4.226508807067187,25.061406505180834,0.18797652679363372,model
1D,24.228899739682674,4.557301547054561,28.202922184828754,0.21153989727748423,model
1D,24.573884904384613,4.902286711756499,31.305718330358385,0.2348128465696463,model
1D,24.920218624174595,5.248620431546481,34.48039996881837,0.2586249828896834,model
1D,25.256565771996975,5.584967579368861,37.36476856211138,0.2802595862806692,model
1D,25.578593835234642,5.906995642606528,40.23892990756383,0.30181762880517715,model
1D,25.887494906783104,6.21589671415499,43.47967382160366,0.3261252743103438,model
1D,26.187618263065815,6.516020070437701,46.84798114627907,0.35138972672386454,model
1D,26.486813090741634,6.8152148981135205,49.796854224697256,0.37350815487839406,model
1D,26.793014258146286,7.121416065518172,52.47219936508591,0.39357494910881863,model
1D,27.107729576528072,7.4361313838999585,55.50986805731746,0.4163594009789642,model
1D,27.42768358439207,7.756085391763957,59.53999502678116,0.44658792267428604,model
1D,27.75030769407749,8.078709501449378,64.49965867582422,0.4837885620964599,model
1D,28.074360452592373,8.402762259964259,69.21480905858154,0.5191551961310327,model
1D,28.40069029480219,8.729092102174075,73.16621021043782,0.5487932240023239,model
1D,28.73336523771286,9.061767045084746,76.67412954704335,0.5751048555155439,model
1D,29.075097292661667,9.403499100033553,79.99245798873842,0.5999944344424658,model
1D,29.419507831335068,9.747909638706954,83.34059188183627,0.625107573257499,model
1D,29.752583242952824,10.08098505032471,87.38314943438856,0.6554293322511555,model
1D,30.066155828535557,10.394557635907443,92.03218555366047,0.690300067158162,model
1D,30.364735051989555,10.693136859361442,95.92424496277636,0.7194929941253233,model
1D,30.658142641186714,10.9865444485586,98.79027947613089,0.740990080227801,model
1D,30.95577284693718,11.284174654309066,101.27008401474949,0.7595901952772197,model
1D,31.26681875437498,11.595220561746867,103.91583649506669,0.7794350256901839,model
1D,31.5938051789999,11.922206986371787,107.32789682726732,0.8050276535550571,model
1D,31.9270770996809,12.255478907052787,112.82139090273554,0.8462323615212459,model
1D,32.2539359331131,12.582337740484984,121.45119611985967,0.9109614026181702,model
1D,32.56623260676861,12.894634414140494,131.9253963361691,0.9895245821107476,model
1D,32.862214371562004,13.19061617893389,141.67946259822853,1.0626862978220288,model
1D,33.148085698485374,13.47648750585726,149.2189348549799,1.1192371465698077,model
1D,33.43081660568714,13.759218413059028,154.67211940130574,1.1601395073679193,model
1D,33.71309116482735,14.041492972199233,158.7963341673465,1.1910737475236381,model
1D,33.998165279626846,14.326567086998732,162.38955010859814,1.218025157952912,model
1D,34.288667142391205,14.617068949763091,165.49704359439014,1.2413333402918507,model
1D,34.58113968372345,14.909541491095336,167.8387570319468,1.2588976840427448,model
1D,34.87149998545647,15.199901792828353,169.62677143225207,1.2723089320011107,model
1D,35.16131639480591,15.489718202177794,171.09157333497046,1.2832958801620922,model
1D,35.37927754223347,15.707679349605353,172.0380627654581,1.2903951543290537,model
1D,35.67231819033623,16.000719997708114,173.2060170194272,1.2991555558679528,model
1D,35.892704010009766,16.221105817381652,174.05470783667292,1.305521278083684,model
