s_m,radius_m,cumulative_resistance_Pa_s_m3,pressure_Pa,pressure_mmHg,flow_m3_s
0.0,0.001783220308436694,0.0,503.5896301269531,3.777243291631937,1.033396035006115e-06
0.00024892115707189204,0.0015501392905284757,322705.59467030404,503.2561474449465,3.7747419589036055,1.033396035006115e-06
0.0005045741346227721,0.001238582819777626,1051267.8767078794,502.5032540714339,3.7690947785919344,1.033396035006115e-06
0.0007769119599464158,0.0013251965437737097,2023400.0469460315,501.49865654120794,3.7615596566298732,1.033396035006115e-06
0.0010590278196422485,0.0013801999967252372,2829686.689526219,500.66544312168713,3.7553100247647584,1.033396035006115e-06
0.0013402719177911797,0.001377476105923392,3571178.350904049,499.8991885788292,3.749562627164528,1.033396035006115e-06
0.001616805047807231,0.0013586544256114338,4323835.259425805,499.1213959138429,3.7437286862921564,1.033396035006115e-06
0.0018889485736854454,0.0013250258663138152,5125048.850299663,498.2934249658408,3.737518376305792,1.033396035006115e-06
0.002156991417408197,0.001295532297648864,5992750.953523794,497.39674505280254,3.7307927052759675,1.033396035006115e-06
0.0024231782488845287,0.001300201971372401,6886779.401149629,496.47285959984333,3.72386297535173,1.033396035006115e-06
0.0026889158290115366,0.0012782141652792,7804157.484717597,495.52484472568267,3.7167522593846676,1.033396035006115e-06
0.002951360544852843,0.0011567676442087822,8970994.46572804,494.319040016008,3.70770795529626,1.033396035006115e-06
0.003210188563999399,0.0011514478548050886,10361333.0800363,492.8822696046659,3.6969312611921956,1.033396035006115e-06
0.003469781203770588,0.0012500464414120418,11571541.783418965,491.6316447290604,3.687550777284022,1.033396035006115e-06
0.0037340004741960755,0.0012780359579823927,12559010.792312905,490.61119817057795,3.6798967775054225,1.033396035006115e-06
0.004001083692587619,0.0012774169390563105,13513930.757881394,489.6243876644113,3.6724950695639977,1.033396035006115e-06
0.004265721888133196,0.0012556264812115634,14494763.561769728,488.61079893386915,3.6648925078671875,1.033396035006115e-06
0.004528113121671012,0.0012244178515614663,15553994.714417081,487.51619366056843,3.6566822704472512,1.033396035006115e-06
0.004792538798524917,0.0011621162070350446,16805352.22206042,486.2230457737947,3.6469828368445922,1.033396035006115e-06
0.0050611001267327205,0.0011116398177449113,18344918.4574697,484.63206413049346,3.6350494601828167,1.033396035006115e-06
0.005332884263285828,0.0010447368890896642,20279966.168197997,482.63239349867916,3.620050655545815,1.033396035006115e-06
0.005606203753351459,0.0010182590402994115,22584504.768374994,480.2508924467377,3.602187879320275,1.033396035006115e-06
0.0058835429968561725,0.001012674760660273,25070227.758580267,477.682156164536,3.5829207194951773,1.033396035006115e-06
0.006169491598244154,0.0009831710201965796,27823951.849151473,474.8364686078389,3.561576248539918,1.033396035006115e-06
0.006462907269547659,0.0009666105772396382,30921687.39870556,471.63528097343226,3.5375653003512717,1.033396035006115e-06
0.00675801392198967,0.0009554790247017032,34219468.13796269,468.2273674331644,3.5120037760696987,1.033396035006115e-06
0.007050522157286691,0.0009609668989025995,37526048.420579605,464.8103604796787,3.4863740453914485,1.033396035006115e-06
0.00734030032669167,0.0009158254492334872,41107859.81850829,461.10893078291946,3.4586109628037343,1.033396035006115e-06
0.007630292425310613,0.0008617301253947499,45577799.17226608,456.48971317802835,3.423963885765503,1.033396035006115e-06
0.007920551347729388,0.0008761720898864268,50432648.39139038,451.4727312444328,3.3863333226656724,1.033396035006115e-06
0.008207304416996693,0.0009431083076180502,54478112.3956638,447.29216478265664,3.3549764088646783,1.033396035006115e-06
0.008490171027181309,0.0009792126966309135,57647686.05162601,444.01673993392546,3.3304086342383514,1.033396035006115e-06
0.008771034225540212,0.0010198442681975412,60340329.487100795,441.2341728840206,3.3095376073267775,1.033396035006115e-06
0.009048092304935144,0.0009997182974731485,62882264.538950585,438.607347280196,3.2898347405544173,1.033396035006115e-06
0.009321182114954576,0.0010300451614079092,65340845.94324357,436.0666590052598,3.270777958665935,1.033396035006115e-06
0.009595402223502287,0.0010300802910859583,67662065.7502295,433.66791966034293,3.2527858842527335,1.033396035006115e-06
0.009873635267964682,0.0009503322832890816,70464935.46374132,430.7714452117611,3.2310604792289426,1.033396035006115e-06
0.010154587799401944,0.0008218952459052698,75039830.63881956,426.0437666772666,3.1955998760689655,1.033396035006115e-06
0.010441091676398038,0.0007826210665492613,81670315.3985421,419.19185001640085,3.144206132644281,1.033396035006115e-06
0.010740998336192477,0.000847035893505443,88255415.63830827,412.38683353850865,3.093164170493307,1.033396035006115e-06
0.011056607870465938,0.0008280417786519804,94375540.12495302,406.06232116026615,3.0457262954371083,1.033396035006115e-06
0.011379866196943271,0.0007934287340739432,101538339.52717847,398.6603126584622,2.9902065124920285,1.033396035006115e-06
0.011699424253280178,0.0008211608567318279,108729077.74403335,391.2294322963974,2.9344701721876167,1.033396035006115e-06
0.012008090256494708,0.0008228274993932497,115172104.7571147,384.57123372764187,2.8845294379595408,1.033396035006115e-06
0.012302678306908144,0.0007954793641510433,121739648.97713256,377.7843595709481,2.833623554784267,1.033396035006115e-06
0.012583909181410608,0.0008233923618128686,128001394.96915399,371.3134960905777,2.785087953155351,1.033396035006115e-06
0.012859276044579985,0.0009374611635740373,132554660.34582813,366.6081697039921,2.749795005355396,1.033396035006115e-06
0.013152520807599367,0.0013948819812829856,134732825.88786048,364.35726206926887,2.732911763019373,1.033396035006115e-06
0.013452044745679155,0.0014327487808291498,135448492.95056972,363.61769456428067,2.7273645352175984,1.033396035006115e-06
0.013725158534577512,0.0013771852946075466,136119068.75431234,362.924724187522,2.7221668155857395,1.033396035006115e-06
0.013976045313232101,0.001435635816029171,136732795.5384992,362.2905013621662,2.7174097400441504,1.033396035006115e-06
0.014224681368486152,0.0014164793565331032,137305965.4944356,361.69818980231696,2.712967025714563,1.033396035006115e-06
0.0145021409765596,0.0018301069462524943,137752215.0582202,361.2370372724787,2.7095080877310473,1.033396035006115e-06
0.014794499931580943,0.0012505025129783966,138446060.53617197,360.52002010665643,2.7041300018500807,1.033396035006115e-06
0.015083444012138512,0.0012853544923732494,139513458.81710503,359.4169749553679,2.695856459964356,1.033396035006115e-06
0.015381942500513565,0.0013374409038464478,140479038.02218023,358.4191492333588,2.6883721308813158,1.033396035006115e-06
0.015683869028227094,0.001334501272856492,141382250.537803,357.4857730009463,2.6813712140602926,1.033396035006115e-06
0.01598240324983349,0.0012539870607732734,142406007.00390014,356.4278271280697,2.6734359455158914,1.033396035006115e-06
0.01627679711834502,0.0012656547962031793,143519937.94467318,355.27669531060417,2.664801722975984,1.033396035006115e-06
0.01656753867447398,0.0013026207879775623,144540951.93927628,354.2215834968956,2.6568877116822103,1.033396035006115e-06
0.016856656249273204,0.0012769436657828447,145537528.90575987,353.191724811153,2.649163114948418,1.033396035006115e-06
0.017151190229665526,0.0013083597268534124,146544280.07943317,352.15135214004124,2.641359656621122,1.033396035006115e-06
0.017455051523786666,0.0013375536977746803,147490720.14931458,351.17330472445497,2.6340236774459953,1.033396035006115e-06
0.01776397847362482,0.001333153839494941,148416598.4255599,350.2165057848847,2.626847075388043,1.033396035006115e-06
0.01807284806222319,0.001334400828784322,149346665.82914054,349.2553778177361,2.619638002863264,1.033396035006115e-06
0.01837951723604936,0.0013245828604081368,150282197.03431165,348.28860357968773,2.612386579706933,1.033396035006115e-06
0.018684170303349214,0.0012938601027427915,151271712.2667908,347.2660424618656,2.6047167193851397,1.033396035006115e-06
0.018987413788707386,0.0012854860581860419,152316409.32512704,346.1864566639984,2.5966191376066847,1.033396035006115e-06
0.01928717892609874,0.0012695480261178842,153389298.71409217,345.0777370234417,2.5883030334336548,1.033396035006115e-06
0.01958005507262637,0.0012102670928372595,154576920.50167346,343.85045337706833,2.5790976236260206,1.033396035006115e-06
0.01986500408388493,0.001174716105730082,155922725.55168915,342.4597037744909,2.5686661149284507,1.033396035006115e-06
0.02014511218264466,0.0011969742700110196,157273764.2946414,341.0635456943844,2.558194039201215,1.033396035006115e-06
0.020424475525635335,0.0012105167710696515,158542116.16559833,339.7528358999449,2.5483628800943947,1.033396035006115e-06
0.0207038398089742,0.0011722383101861137,159866961.81995234,338.38374565374045,2.5380938303786356,1.033396035006115e-06
0.02098378052575553,0.0011736048773172863,161276455.9558594,336.9271800023297,2.5271686593535176,1.033396035006115e-06
0.021267826802748573,0.0011521346266997708,162757972.5806842,335.3961865964401,2.5156852327180816,1.033396035006115e-06
0.02155874890573064,0.0011403272746913897,164364451.5859819,333.73605756204483,2.503233206537892,1.033396035006115e-06
0.021857500347769673,0.0011308385896784635,166076760.21046486,331.9665646187974,2.489960881315892,1.033396035006115e-06
0.022164893589704644,0.0011362053305615152,167851237.9537881,330.13282635464054,2.4762066752271985,1.033396035006115e-06
0.02247725751218912,0.0011069720184234567,169735474.6707558,328.1856636023132,2.4616017131629677,1.033396035006115e-06
0.022786232419785127,0.001124269054368099,171637384.1361245,326.2202379018606,2.4468597673441788,1.033396035006115e-06
0.023088449985264468,0.0011152688300762588,173469478.4542113,324.32695889779245,2.432658967745702,1.033396035006115e-06
0.023387302984908376,0.0010468469649121805,175575565.0549536,322.15053735520587,2.4163344185896243,1.033396035006115e-06
0.023689447203228645,0.0009782495679716233,178346317.16029462,319.2872531155616,2.394857961293422,1.033396035006115e-06
0.024004387679762616,0.0009683225273309282,181691740.56434762,315.8301058343966,2.3689271525659423,1.033396035006115e-06
0.02433838619312911,0.0010151828433640686,185000190.74848148,312.4111665320974,2.343282928039614,1.033396035006115e-06
0.024686714672612495,0.0009932835043414798,188267863.91195202,309.034366041271,2.317954771465107,1.033396035006115e-06
0.0250364047762797,0.0010052492806497542,191611242.4344194,305.57933193262863,2.2920398128788095,1.033396035006115e-06
0.02537601152627072,0.0010272734801712545,194648881.19758475,302.4402480789927,2.2684946826404695,1.033396035006115e-06
0.025701160422790578,0.0009865149785002272,197675770.31808034,299.31227286346945,2.245032874270334,1.033396035006115e-06
0.026013055111526618,0.0009474964623701107,201088721.5468762,295.78534259596256,2.218578648654855,1.033396035006115e-06
0.026316087018541313,0.0009522804918859935,204636014.67698425,292.11958394030444,2.1910831216176208,1.033396035006115e-06
0.026618181398407336,0.0010151810628848822,207741585.57783473,288.9102992849352,2.167011440609466,1.033396035006115e-06
0.02692735001773116,0.0010073570412195542,210559093.75698617,285.9986975040028,2.1451725709485516,1.033396035006115e-06
0.027245115300237644,0.0009673944217997907,213758178.7111881,282.6927757966828,2.120376050439408,1.033396035006115e-06
0.027568170041331136,0.0008869956915626151,218002459.39410338,278.3067529675051,2.087478082893334,1.033396035006115e-06
0.027893920760694666,0.0008694825621559493,223225670.66731834,272.90910714776555,2.0469922979535675,1.033396035006115e-06
0.02822111397418664,0.0009135829847890084,228191375.67815587,267.77756727855603,2.0085024772997406,1.033396035006115e-06
0.0285506063390111,0.0009524573355011466,232352747.19482163,263.47722245304624,1.9762471494055462,1.033396035006115e-06
0.028886505296076153,0.000977981712798448,236047071.0685831,259.65952280987267,1.9476119680913329,1.033396035006115e-06
0.029231549139320523,0.0009920379734805055,239541729.52757674,256.04815661464806,1.9205244191854913,1.033396035006115e-06
0.029579297423968674,0.0009774427504399483,243067777.24616265,252.40435288301907,1.8931935680759295,1.033396035006115e-06
0.02991560073075682,0.00089459836920761,247325149.05104005,248.00480174031193,1.8601941295533515,1.033396035006115e-06
0.030232212206030187,0.0008778143142656077,252221226.60509956,242.94521460886438,1.8222440003065088,1.033396035006115e-06
0.030533685015740476,0.0009616537036836794,256320103.06532863,238.7094519268838,1.7904730796633999,1.033396035006115e-06
0.03082993607193367,0.0010079075676982115,259338433.50845554,235.5903212146182,1.7670776107065467,1.033396035006115e-06
0.03113045066683504,0.0010399733222184204,261950010.4092362,232.89152800023788,1.7468349409717667,1.033396035006115e-06
0.03144451097746013,0.0009982306307513955,264736353.42747608,230.01213217302183,1.7252376364967659,1.033396035006115e-06
0.03177466628776083,0.0009406779306389622,268329724.52139667,226.2987567322587,1.6973849532129635,1.033396035006115e-06
0.03211116800801775,0.0008092928735982641,274115133.0117207,220.32013853746713,1.6525415050589336,1.033396035006115e-06
0.03244119449061597,0.0007338308578536229,283203510.5883794,210.92824518510957,1.5820963170752733,1.033396035006115e-06
0.03275651768886459,0.0007118926835610768,294234291.0039613,199.52908044062406,1.4965953139063626,1.033396035006115e-06
0.03305536786746392,0.0007407979352837441,304506670.83953846,188.9136438484619,1.4169727715490459,1.033396035006115e-06
0.03334400962607736,0.0007990662765173603,312446777.1193571,180.70836950137016,1.3554279826388005,1.033396035006115e-06
0.03362948053058317,0.0008670613487556793,318189734.10451204,174.7736205237004,1.3109135815821875,1.033396035006115e-06
0.033914490664474294,0.0009146156609986182,322533102.2406356,170.28520111325844,1.2772475743932616,1.033396035006115e-06
0.034202327485034316,0.0009311628018647892,326317255.22751456,166.3746724207611,1.2479161160255705,1.033396035006115e-06
0.03449564465486458,0.000997150507644059,329589875.3394777,162.99275977297714,1.2225496150146047,1.033396035006115e-06
0.03479095160147175,0.0010777434862736636,332056023.2259468,160.44425232536128,1.203434184345879,1.033396035006115e-06
0.03508412583837665,0.0011330264640460927,333939049.5021635,158.4983404377066,1.1888386045641874,1.033396035006115e-06
0.03537675091193668,0.0011894419311249545,335481688.3488082,156.90418357013755,1.1768814116960258,1.033396035006115e-06
0.03559682436099496,0.0012202822372971893,336478472.5287708,155.8741107508074,1.1691552088238055,1.033396035006115e-06
0.03589270492000001,0.0012410870647577832,337708489.7754258,154.60301580512498,1.1596211863392762,1.033396035006115e-06
