segment_id,s_start_m,s_end_m,length_m,radius_m,area_m2,resistance_Pa_s_m3
0,0.0,0.0007178542017936706,0.0007546332,0.001570256455099449,7.746241765666682e-06,1106271.5111322755
1,0.0007178542017936706,0.0014357084035873412,0.00055881613,0.0013535362559683021,5.755587481699722e-06,1483875.6840820275
2,0.0014357084035873412,0.0021535626053810117,0.00081521453,0.0013542382442154207,5.761559102304302e-06,2160228.909656685
3,0.0021535626053810117,0.0028714168071746825,0.0007898576,0.0012914197626451094,5.2394382824396185e-06,2530971.41134495
4,0.0028714168071746825,0.003589271008968353,0.0007714598,0.0011887183513460337,4.439231642371745e-06,3443543.511470299
5,0.003589271008968353,0.0043071252107620235,0.0005290392,0.0012777265609801559,5.12891755957441e-06,1769067.1098185405
6,0.0043071252107620235,0.005024979412555694,0.0007835261,0.0012159015597895714,4.644582739240093e-06,3194978.701052962
7,0.005024979412555694,0.005742833614349365,0.00080957904,0.0010604201970674893,3.5326926468736093e-06,5706311.177911329
8,0.005742833614349365,0.006460687816143036,0.0005664077,0.0009982498475694535,3.130605744356495e-06,5083704.385554689
9,0.006460687816143036,0.007178542017936706,0.00087231916,0.0009610510704196893,2.9016351676288716e-06,9113762.388598489
10,0.007178542017936706,0.007896396219730376,0.00057441776,0.0008900101014192459,2.488512028718238e-06,8159363.39098922
11,0.007896396219730376,0.008614250421524047,0.0008470549,0.0009357184835779569,2.750681391038799e-06,9847792.139901517
12,0.008614250421524047,0.009332104623317718,0.0005487971,0.0010099316758935876,3.2043050946407267e-06,4701668.156905194
13,0.009332104623317718,0.010049958825111388,0.0008205462,0.001005554584019665,3.1765900631158333e-06,7153005.9286428895
14,0.010049958825111388,0.010767813026905059,0.00087319734,0.0008184638701918637,2.104499847116456e-06,17342931.50649404
15,0.010767813026905059,0.01148566722869873,0.00064031075,0.0008112888868097556,2.067763793804936e-06,13173368.69476455
16,0.01148566722869873,0.0122035214304924,0.00061140663,0.0008219954452666843,2.122700366425446e-06,11936050.87878272
17,0.0122035214304924,0.012921375632286071,0.000829703,0.0008588702172099465,2.3174211107736072e-06,13590037.233360397
18,0.012921375632286071,0.013639229834079742,0.000593298,0.001414195564827725,6.283025386222678e-06,1322035.6250553622
19,0.013639229834079742,0.014357084035873413,0.0007484056,0.0014103934318555327,6.249286368292899e-06,1685714.6829146994
20,0.014357084035873413,0.015074938237667083,0.00087048474,0.001528910002378287,7.3436795300246315e-06,1419847.2818717111
21,0.015074938237667083,0.015792792439460752,0.0005980572,0.00133597351394903,5.607193830425893e-06,1673244.7442512973
22,0.015792792439460752,0.016510646641254425,0.0005831375,0.0012598614491186873,4.9864956756604385e-06,2062946.5826440079
23,0.016510646641254425,0.017228500843048094,0.00086934457,0.001296189699845293,5.278214126893137e-06,2744895.6613543006
24,0.017228500843048094,0.017946355044841766,0.0006119239,0.0013353592050153813,5.602038402884253e-06,1715193.7087209914
25,0.017946355044841766,0.018664209246635435,0.0009085722,0.0013179523625335941,5.456941506695608e-06,2683915.0402066065
26,0.018664209246635435,0.019382063448429108,0.00059377565,0.0012775916009254368,5.12783413146261e-06,1986380.076889791
27,0.019382063448429108,0.020099917650222777,0.0008407384,0.0011942553270948594,4.480683284436041e-06,3683666.4781771335
28,0.020099917650222777,0.02081777185201645,0.0005533641,0.0011918384944635493,4.4625663811929534e-06,2444271.88686796
29,0.02081777185201645,0.021535626053810118,0.00085445424,0.0011556025418868517,4.195336974373109e-06,4270345.482386377
30,0.021535626053810118,0.02225348025560379,0.0006088849,0.0011335314884658642,4.0366124054398545e-06,3287070.431609017
31,0.02225348025560379,0.02297133445739746,0.00061202014,0.0011157210914204446,3.9107599476871635e-06,3520070.024184877
32,0.02297133445739746,0.02368918865919113,0.0008949031,0.001051246626153622,3.471835205147484e-06,6530789.800304447
33,0.02368918865919113,0.0244070428609848,0.0006615843,0.0009925820279659298,3.0951570309446715e-06,6074740.488554761
34,0.0244070428609848,0.02512489706277847,0.00069266825,0.00099932012032737,3.137322295778456e-06,6190345.891686109
35,0.02512489706277847,0.025842751264572143,0.0006440561,0.001007512407353811,3.188971800849969e-06,5570962.844377099
36,0.025842751264572143,0.02656060546636581,0.0009014505,0.0009731395881303439,2.9750903100750745e-06,8958792.7621294
37,0.02656060546636581,0.027278459668159484,0.00062943064,0.0009879817509296086,3.066533533948534e-06,5887898.915683303
38,0.027278459668159484,0.027996313869953153,0.0006452474,0.0008783700619562404,2.423845438766955e-06,9661049.889445573
39,0.027996313869953153,0.028714168071746825,0.0006526592,0.0009336270002458574,2.738398690780173e-06,7655984.117420939
40,0.028714168071746825,0.029432022273540494,0.0010260465,0.0009825573994023337,3.03295337350235e-06,9811681.990853256
41,0.029432022273540494,0.030149876475334167,0.000627145,0.0008863255233009892,2.467950155972178e-06,9057390.605728066
42,0.030149876475334167,0.030867730677127836,0.00058681413,0.000985594382802044,3.0517314402546144e-06,5542629.427940333
43,0.030867730677127836,0.031585584878921505,0.0006220927,0.0010197425889727143,3.2668634965498838e-06,5127445.16321481
44,0.031585584878921505,0.03230343908071518,0.0009876259,0.0008411710124483253,2.2228925424414674e-06,17581804.351003103
45,0.03230343908071518,0.03302129328250885,0.0005919631,0.0007267763158625553,1.6594012194574639e-06,18910357.806475587
46,0.03302129328250885,0.03373914748430252,0.00084783905,0.000864114617320856,2.3458086106582053e-06,13553022.781411976
47,0.03373914748430252,0.03445700168609619,0.0005810037,0.0009658461350495965,2.9306622165408177e-06,5950525.09079226
48,0.03445700168609619,0.03517485588788986,0.0008713462,0.0011361481100152112,4.0552699866375356e-06,4660785.397117831
49,0.03517485588788986,0.03589271008968353,0.00058608176,0.0012308165216599121,4.759227959122524e-06,2276109.211333689
