s_m,r_m,area_m2,dA_ds,kappa_per_m,Rc_m,r_mis_m,r_voreen_m
0.00012411743227858096,0.001783220308436694,9.989870897647876e-06,-0.00990069540040865,681.88745,0.0014665177,0.0013697591790784642,0.0016094508171081543
0.00037064940261188895,0.0015501392905284757,7.549032952915212e-06,-0.010334614739093658,929.60205,0.0010757291,0.0013586344876882945,0.0014963995218276978
0.0006238485802896321,0.001238582819777626,4.81947771035462e-06,-0.004308125977529026,908.1379,0.0011011544,0.0009348906925421572,0.0013875833749771118
0.0008935724617913365,0.0013251965437737097,5.517094994076919e-06,0.0021378284790858036,595.0071,0.0016806523,0.0011230607932244977,0.0013794201016426087
0.0011729805264621973,0.0013801999967252372,5.984583305905976e-06,0.0007928488287639607,285.48254,0.003502841,0.0011567578814917886,0.0014072760939598083
0.0014515251968987286,0.001377476105923392,5.960984891604335e-06,-0.00033986031552444944,148.2698,0.0067444616,0.0011733758175465376,0.0014225488901138306
0.001725404115859419,0.0013586544256114338,5.799197349364439e-06,-0.0008231641570906195,152.945,0.006538298,0.0011607699132844954,0.0013666911721229554
0.0019949355628341436,0.0013250258663138152,5.515673947327376e-06,-0.0009827605114135808,224.09282,0.004462437,0.0011170867170767456,0.001346382737159729
0.002260405686683953,0.001295532297648864,5.272861469600231e-06,-0.00038326383088941283,279.564,0.0035769986,0.0011148018309662514,0.0013488287329673767
0.0025240376126021147,0.001300201971372401,5.310941443347369e-06,-0.0002664937692866947,188.58398,0.0053026774,0.0011234585547012447,0.0012783433794975282
0.002787224599160254,0.0012782141652792,5.132832887813717e-06,-0.002134511294300822,239.1118,0.004182144,0.0011317627169879407,0.0012065813541412354
0.0030471503268927336,0.0011567676442087822,4.203800889538556e-06,-0.0018504765423704283,453.61212,0.0022045267,0.0010524724246823572,0.001217312753200531
0.00330349407158792,0.0011514478548050886,4.165224581085461e-06,0.0013691781469603644,504.1316,0.001983609,0.0010566859649631182,0.0012412050366401672
0.003560595097951591,0.0012500464414120418,4.909103278007086e-06,0.0018804396050033385,430.61996,0.0023222333,0.0010707901394809065,0.001310182273387909
0.003822278347797692,0.0012780359579823927,5.13140175907973e-06,0.00041769382022113777,374.73816,0.00266853,0.001054292908105677,0.0012853925228118897
0.004086798056960106,0.0012774169390563105,5.126432156259838e-06,-0.00034167110585546674,473.79285,0.002110627,0.0010142611767571788,0.0011302404999732972
0.004348896211013198,0.0012556264812115634,4.953028255645858e-06,-0.000799219389048875,562.1217,0.0017789742,0.0009488009413328387,0.0011941465735435487
0.004608768969774246,0.0012244178515614663,4.709872800987294e-06,-0.0013580075426845636,406.14996,0.0024621447,0.0009119277779135962,0.0012808204293251037
0.004870656644925475,0.0011621162070350446,4.242765108067483e-06,-0.0015712629127544436,317.53946,0.003149215,0.0008890283501590396,0.0012174125909805299
0.005136640276759863,0.0011116398177449113,3.882201395662675e-06,-0.001518701901579371,487.6795,0.002050527,0.0008488246390542467,0.0011447991132736207
0.005405815783888102,0.0010447368890896642,3.4289703675572815e-06,-0.0011603366133546454,622.3569,0.0016067951,0.0007643832684324636,0.0010988541841506958
0.005676511907950044,0.0010182590402994115,3.2573649709164394e-06,-0.00038366842189282123,601.7156,0.0016619148,0.0007744188577993155,0.0010841821432113648
0.005951189203187823,0.001012674760660273,3.2217352190130095e-06,-0.00038746315064976805,494.9026,0.0020205996,0.0007778491356996654,0.0010746155977249146
0.006234393222257495,0.0009831710201965796,3.0367427997390507e-06,-0.000503101434691974,345.17953,0.002897043,0.0008117877016882039,0.001030309498310089
0.006524992641061544,0.0009666105772396382,2.9353031388163206e-06,-0.0002896959654537989,196.07881,0.00509999,0.0008722344004886641,0.0009862896502017976
0.006817266810685396,0.0009554790247017032,2.8680861206987155e-06,-5.720326099131843e-05,114.83974,0.008707787,0.0008672302907010163,0.0009876561462879181
0.007106967503204942,0.0009609668989025995,2.9011269233820745e-06,-0.00040911289831939944,100.25348,0.009974716,0.0008537791444124673,0.0009785996973514558
0.007393964333459735,0.0009158254492334872,2.6349676521810454e-06,-0.0009895767224291372,74.339554,0.0134517895,0.0008296930294905667,0.0009462363719940185
0.007681173039600253,0.0008617301253947499,2.332880131106232e-06,-0.00038906407924618747,46.666603,0.0214286,0.0007415765389885149,0.0008838897049427033
0.007968646008521318,0.0008761720898864268,2.4117300920169826e-06,0.000813938881100775,60.291397,0.016586114,0.0007406469535554458,0.000900194525718689
0.008252646774053574,0.0009431083076180502,2.794299889839477e-06,0.001060742278570728,79.908585,0.0125143,0.0007577444695939572,0.0009874889850616454
0.008532798383384943,0.0009792126966309135,3.012339694311428e-06,0.0008480653461724538,179.06941,0.0055844267,0.0008388309869604602,0.0010095749497413635
0.008810965809971094,0.0010198442681975412,3.267515011377433e-06,0.00022128096354990037,345.4764,0.0028945536,0.0008353708264374635,0.001025897741317749
0.009085364639759064,0.0009997182974731485,3.139822913717296e-06,0.00012908076044199426,413.81213,0.0024165555,0.0008109359029639571,0.0010291709899902344
0.009355833288282156,0.0010300451614079092,3.3332079228203208e-06,0.00035865588107600495,316.07962,0.0031637598,0.0008047364941013546,0.001029054820537567
0.009627421386539936,0.0010300802910859583,3.3334352847309253e-06,-0.0008933140455924674,124.63959,0.0080231335,0.0007798803996074644,0.0010521427392959596
0.009902983903884888,0.0009503322832890816,2.8372711243406845e-06,-0.0021833514546840673,112.318375,0.008903263,0.0007537208081137499,0.0009747170209884644
0.010181239806115627,0.0008218952459052698,2.1221828933445267e-06,-0.001642947225616977,235.5918,0.0042446298,0.0007104067459968446,0.000842038631439209
0.01046499377116561,0.0007826210665492613,1.924212097682228e-06,0.00018563888239334168,292.53427,0.003418403,0.0006811157503848486,0.0008204775154590606
0.010762021876871586,0.000847035893505443,2.2539978682041326e-06,0.00041349728510406327,330.7682,0.0030232654,0.0007438767828576188,0.0008583326637744904
0.011074602138251066,0.0008280417786519804,2.154043015796381e-06,-0.0004338684176190652,359.73776,0.0027798028,0.0007107358293837138,0.0008535239994525909
0.011394757777452469,0.0007934287340739432,1.9777241718803944e-06,-5.0269301211134515e-05,379.62598,0.0026341716,0.0006216228302733762,0.0008354919850826263
0.01171124866232276,0.0008211608567318279,2.1183921137755955e-06,0.00023270037498094882,394.28687,0.0025362244,0.0005697670399002857,0.0008615809381008148
0.01201695203781128,0.0008228274993932497,2.1269998926983547e-06,-0.00023008738009689268,394.32605,0.0025359725,0.0006259373720067192,0.0008687813282012939
0.01230871258303523,0.0007954793641510433,1.987960306155177e-06,2.799992514333988e-05,360.43744,0.0027744065,0.0006535124393840765,0.0008483786880970002
0.012587244156748056,0.0008233923618128686,2.1299212211722326e-06,0.0014212176530913694,245.22766,0.0040778434,0.0006845492872885546,0.0008856728076934814
0.01285996800288558,0.0009374611635740373,2.7609366575003377e-06,0.0067819716150017105,201.9748,0.004951113,0.0007703865669280968,0.0009574053585529327
0.013150398153811693,0.0013948819812829856,6.11258344827063e-06,0.006392227206040668,451.9146,0.0022128073,0.0009511124736620586,0.0010958133637905122
0.013447047211229801,0.0014327487808291498,6.44896422658439e-06,-0.0004076694545862153,830.55884,0.0012040086,0.0011176007889843358,0.0012238286137580873
0.013717539608478546,0.0013771852946075466,5.958468203492002e-06,0.00021522210950237174,1077.8022,0.000927814,0.0011053011755793407,0.0012522654533386232
0.013966018334031105,0.001435635816029171,6.474980155268263e-06,0.000684575916124754,1201.9777,0.0008319622,0.0012896902439027637,0.0013866270780563356
0.014212267939001322,0.0014164793565331032,6.303334751990517e-06,0.0068880058990008625,1128.2145,0.0008863563,0.0012144103882479388,0.0013275275230407715
0.014487064443528652,0.0018301069462524943,1.0522109366052691e-05,-0.0015561881385752277,653.3064,0.0015306753,0.0010691975951555848,0.00126606947183609
0.014776617288589478,0.0012505025129783966,4.91268604224997e-06,-0.009141485163896406,241.42331,0.0041421023,0.001020203992962905,0.001270755171775818
0.015062788035720587,0.0012853544923732494,5.1903388577449264e-06,0.0012070656263029628,166.51326,0.006005528,0.0010509691641016677,0.0013061179518699647
0.015358421485871077,0.0013374409038464478,5.619518114020462e-06,0.0006889838172164098,78.79095,0.0126918135,0.0011442123002914353,0.0013455242514610292
0.015657450072467327,0.001334501272856492,5.594842399042917e-06,-0.0011544997771037301,38.394863,0.026045151,0.0011520269345220524,0.0013395000100135804
0.015953118912875652,0.0012539870607732734,4.940102764131078e-06,-0.0009399985783926871,86.047775,0.011621451,0.0010623452632723357,0.00130132395029068
0.016244687139987946,0.0012656547962031793,5.032460921515934e-06,0.0006785250611321125,159.79309,0.006258093,0.001060060034293322,0.0013099926710128783
0.016532638110220432,0.0013026207879775623,5.330720128156964e-06,0.00015207994977791718,272.66998,0.003667437,0.0010842256802168055,0.001303622841835022
0.016818980686366558,0.0012769436657828447,5.12263425158412e-06,6.657519629509577e-05,324.1181,0.0030852952,0.0010377553479806387,0.0012097021341323853
0.01711068768054247,0.0013083597268534124,5.3777945616918324e-06,0.0008410725610107465,268.90826,0.0037187403,0.0010648473489825259,0.0011897199153900148
0.01741163246333599,0.0013375536977746803,5.620466005249147e-06,0.0003466864888970727,173.74536,0.0057555493,0.0011419969632264423,0.0013053842186927795
0.017717594280838966,0.001333153839494941,5.583549983533651e-06,-4.3239792662312995e-05,80.53394,0.012417125,0.00112772900059472,0.0013776826858520508
0.01802349928766489,0.001334400828784322,5.594000215350396e-06,-0.00011847586741771214,82.33971,0.012144809,0.001127854535242209,0.0013523097038269044
0.018327224999666214,0.0013245828604081368,5.511986370017895e-06,-0.0005547484660596118,163.79568,0.006105167,0.0011514947550273218,0.001349280834197998
0.018628953956067562,0.0012938601027427915,5.259258471485187e-06,-0.0005310600596040299,185.37494,0.0053944723,0.0010891195345350813,0.0013265577554702759
0.01892928685992956,0.0012854860581860419,5.191401453477184e-06,-0.0003290169038429429,180.35751,0.0055445433,0.0010385629184209342,0.0012865751385688782
0.01922617480158806,0.0012695480261178842,5.06346884145847e-06,-0.0010182891821339593,185.00223,0.0054053403,0.0010297891294464305,0.001256986677646637
0.019516239874064922,0.0012102670928372595,4.6016366427243596e-06,-0.001263567500350885,170.39972,0.005868554,0.0009915309528353052,0.001155484437942505
0.019798453897237778,0.001174716105730082,4.335265692203061e-06,-0.0001664240364679069,133.4193,0.0074951677,0.001010133571567605,0.0011817104816436769
0.020075873471796513,0.0011969742700110196,4.501108715929581e-06,0.0004838497574177047,86.03754,0.011622834,0.001009104364782286,0.0012789189219474793
0.020352555438876152,0.0012105167710696515,4.603535474844813e-06,-0.00033271164377038885,55.77591,0.017928887,0.0010192018887450866,0.00124423748254776
0.020629238337278366,0.0011722383101861137,4.316996472659261e-06,-0.0005002012166073167,58.463818,0.017104596,0.001026966228266362,0.0012242175340652466
0.02090649213641882,0.0011736048773172863,4.327067640204075e-06,-0.00025849166793354226,108.78081,0.009192798,0.0010288542279761578,0.0011746824979782106
0.021187812089920044,0.0011521346266997708,4.1701946928352e-06,-0.0004279514773946726,169.09998,0.0059136613,0.0010030334168514702,0.0011347848176956176
0.021475941874086857,0.0011403272746913897,4.0851583624841545e-06,-0.00026241347090680874,183.70544,0.0054434966,0.000952223519065144,0.0011907302737236022
0.021771825850009918,0.0011308385896784635,4.017455854850846e-06,-5.4158563398534754e-05,179.76926,0.0055626864,0.0010112579840426022,0.0011829099655151368
0.022076268680393696,0.0011362053305615152,4.055678473181339e-06,-0.00026700918507187397,169.04892,0.0059154476,0.0010280101777612183,0.0011407856941223144
0.02238563448190689,0.0011069720184234567,3.849666952741043e-06,-0.00013195253711174252,161.73495,0.006182955,0.0010098591983697207,0.001137414574623108
0.02269164379686117,0.001124269054368099,3.970913130482924e-06,8.896960503436586e-05,136.66959,0.0073169167,0.0010168770135885895,0.0011188228726387024
0.022990960627794266,0.0011152688300762588,3.90759011054243e-06,-0.0008946812911470609,76.899895,0.013003919,0.0010105362424992538,0.0011141773462295533
0.023286945186555386,0.0010468469649121805,3.4428354742117028e-06,-0.0015146070179757653,105.66069,0.009464257,0.0009494359703358735,0.0010740296244621276
0.02358618937432766,0.0009782495679716233,3.0064168873602512e-06,-0.0008396175475293925,203.6388,0.004910656,0.0008722734762462018,0.001017561137676239
0.0238981069996953,0.0009683225273309282,2.94570969245725e-06,0.00032823679554953595,234.15881,0.0042706057,0.0008690579380184503,0.0010195916891098022
0.024228899739682674,0.0010151828433640686,3.237713467893025e-06,0.00025457554753204915,192.50742,0.005194605,0.0009013845214430413,0.0010244170427322389
0.024573884904384613,0.0009932835043414798,3.0995333881248824e-06,-9.240992711043519e-05,137.66565,0.007263976,0.0008964020463656108,0.001024713099002838
0.024920218624174595,0.0010052492806497542,3.1746614230617244e-06,0.00031899191141962144,138.38452,0.0072262418,0.0008712266436831526,0.0010481310486793519
0.025256565771996975,0.0010272734801712545,3.315293834304099e-06,-0.00020456298723990542,178.70148,0.005595925,0.0008790512474366741,0.0010544421672821045
0.025578593835234642,0.0009865149785002272,3.0574350500800205e-06,-0.0007837548563479424,184.39917,0.005423018,0.0008557726580446125,0.0010097069144248962
0.025887494906783104,0.0009474964623701107,2.8203633791176626e-06,-0.00032994954268285043,124.16024,0.008054108,0.0008467419665762204,0.0009809519946575166
0.026187618263065815,0.0009522804918859935,2.8489160236230475e-06,0.0006982217035135883,96.940765,0.0103155775,0.0008377802800554602,0.001004036396741867
0.026486813090741634,0.0010151810628848822,3.237702110970627e-06,0.000577001136005657,151.99493,0.0065791667,0.0008177131380794573,0.001031845271587372
0.026793014258146286,0.0010073570412195542,3.187988348903157e-06,-0.00047077441804207944,208.15591,0.004804091,0.000744397340879023,0.001022999107837677
0.027107729576528072,0.0009673944217997907,2.9400656654094454e-06,-0.0011230455833736268,230.33821,0.004341442,0.0007497227391851445,0.0009669406116008759
0.02742768358439207,0.0008869956915626151,2.471683698810314e-06,-0.0008841427966217699,195.15134,0.005124228,0.0007271679982602051,0.0009103979766368867
0.027750307694077492,0.0008694825621559493,2.375043813300738e-06,0.00023022145403599507,122.737114,0.008147495,0.0007482592127591729,0.0009010780453681946
0.028074360452592373,0.0009135829847890084,2.622079634730791e-06,0.0007304563554905077,81.069046,0.0123351645,0.0008010253214269969,0.0009366270303726197
0.02840069029480219,0.0009524573355011466,2.8499742399648405e-06,0.0005829545127915368,76.15309,0.013131443,0.0008380364489367144,0.000981121301651001
0.02873336523771286,0.000977981712798448,3.0047707346919695e-06,0.00036135357585607205,78.82166,0.012686867,0.000888287583305768,0.0010057427883148195
0.029075097292661667,0.0009920379734805055,3.0917649232517726e-06,-2.8081102566969787e-06,75.25611,0.013287958,0.0009081368091861345,0.0010208401083946228
0.029419507831335068,0.0009774427504399483,3.0014598096270583e-06,-0.0008725460263216255,123.96523,0.008066778,0.0008532427908948067,0.0009742599725723267
0.029752583242952824,0.00089459836920761,2.5142362110827506e-06,-0.0008628564164487118,208.49695,0.0047962335,0.0006962096472958655,0.0008967810571193695
0.030066155828535557,0.0008778143142656077,2.42077925875253e-06,0.0006858380280629255,222.73029,0.0044897352,0.0006818958412427944,0.0009283025860786438
0.030364735051989555,0.0009616537036836794,2.905275286594697e-06,0.0012962235587585516,142.44705,0.007020152,0.000764288412831466,0.0009982586205005647
0.030658142641186714,0.0010079075676982115,3.19147380938323e-06,0.0008352917910812892,113.76861,0.008789771,0.000787741370893907,0.0010258933305740358
0.03095577284693718,0.0010399733222184204,3.397772290055545e-06,-6.59814542781998e-05,193.78256,0.005160423,0.0008320177882636553,0.0010508934259414672
0.03126681875437498,0.0009982306307513955,3.130485214006124e-06,-0.0009630599850200044,213.31699,0.004687859,0.0007900505259485971,0.001020685225725174
0.0315938051789999,0.0009406779306389622,2.779916702556569e-06,-0.001614518792233825,170.07266,0.00587984,0.0007066680223866125,0.0009626180529594421
0.0319270770996809,0.0008092928735982641,2.0576016758674217e-06,-0.001638195336035197,190.87738,0.0052389656,0.0006363884188090661,0.0008757902383804321
0.0322539359331131,0.0007338308578536229,1.69177192199193e-06,-0.000710027458634104,257.7627,0.0038795373,0.0006201459244144721,0.0007782112061977387
0.03256623260676861,0.0007118926835610768,1.592131488543125e-06,7.357333018460314e-05,281.49426,0.0035524704,0.0005468590554197719,0.0007588584125041962
0.032862214371562004,0.0007407979352837441,1.7240481830457325e-06,0.0007205603952502946,226.91464,0.0044069435,0.0004831396394385599,0.0007845902740955353
0.033148085698485374,0.0007990662765173603,2.0059286311284957e-06,0.0011231811309129892,115.24573,0.008677111,0.0005472891731548363,0.0008404064774513245
0.03343081660568714,0.0008670613487556793,2.361834850683634e-06,0.0011007645657078778,44.45579,0.022494256,0.0007148244483715774,0.0008946915566921235
0.03371309116482735,0.0009146156609986182,2.6280107645193758e-06,0.0006412726003000831,62.701912,0.015948476,0.0007967351763501191,0.000925025075674057
0.033998165279626846,0.0009311628018647892,2.7239624064834914e-06,0.0008514278686397245,90.24572,0.011080858,0.0008128903856356322,0.0009823269844055176
0.034288667142391205,0.000997150507644059,3.1237142735827407e-06,0.0015854331726764459,117.59013,0.008504115,0.0008371693063476396,0.0010460245013237
0.03458113968372345,0.0010777434862736636,3.6490573262768463e-06,0.0015584247865204383,209.05264,0.004783484,0.0009159701263789167,0.0011055036783218385
0.03487149998545647,0.0011330264640460927,4.033016327641049e-06,0.001371364243110307,260.02243,0.003845822,0.0009744837447408198,0.0011917763352394105
0.03516131639480591,0.0011894419311249545,4.444637659483118e-06,0.0012210228935598168,244.88144,0.0040836087,0.000935619969299075,0.0012410123348236084
0.03537927754223347,0.0012202822372971893,4.678110241927079e-06,0.0008484378486635913,269.1069,0.0037159952,0.0008886034064867908,0.0012600488662719727
0.03567231819033623,0.0012410870647577832,4.838986060959883e-06,0.0005489880672676843,305.39557,0.0032744417,0.000935854053572395,0.0013089556097984315
