s_m,distance_from_inlet_mm,radius_m,area_m2,pressure_1d_pa,pressure_1d_mmhg
0.019671598192628113,0.0,0.0011906963375709634,4.454017389476551e-06,446.3130043965965,3.3476228414769564
0.019798453897237778,0.1268557046096644,0.001174716105730082,4.335265692203061e-06,434.5407114980134,3.2593233829901176
0.020075873471796513,0.4042752791683993,0.0011969742700110196,4.501108715929581e-06,446.02692929511625,3.3454771017502196
0.020352555438876152,0.6809572462480387,0.0012105167710696515,4.603535474844813e-06,451.43194509378594,3.3860180543281824
0.020629238337278366,0.9576401446502527,0.0011722383101861137,4.316996472659261e-06,424.47261059595763,3.18380641570931
0.02090649213641882,1.234893943790706,0.0011736048773172863,4.327067640204074e-06,422.4034798628572,3.1682866588662537
0.021187812089920044,1.5162138972919306,0.0011521346266997708,4.170194692835199e-06,403.9786961196504,3.0300894154509046
0.021475941874086857,1.8043436814587435,0.0011403272746913897,4.085158362484155e-06,391.53548337997773,2.9367576442985
0.021771825850009918,2.100227657381805,0.0011308385896784635,4.0174558548508465e-06,380.29288769415456,2.8524312416514723
0.022076268680393696,2.4046704877655825,0.0011362053305615152,4.055678473181339e-06,380.8530259632587,2.8566326241914535
0.02238563448190689,2.7140362892787775,0.0011069720184234567,3.849666952741043e-06,351.92238851964913,2.6396349974795608
0.02269164379686117,3.0200456042330583,0.001124269054368099,3.970913130482924e-06,363.01625111904855,2.722845810232297
0.022990960627794266,3.3193624351661524,0.0011152688300762588,3.90759011054243e-06,351.3863898326095,2.6356146766955826
0.023286945186555386,3.615346993927272,0.0010468469649121805,3.4428354742117024e-06,276.52500258822704,2.074108094061358
0.02358618937432766,3.9145911816995462,0.0009782495679716233,3.006416887360251e-06,172.67529831552005,1.2951712522501853
0.0238981069996953,4.226508807067188,0.0009683225273309282,2.94570969245725e-06,148.36712839270277,1.1128449833166987
0.024228899739682674,4.5573015470545615,0.0010151828433640686,3.237713467893025e-06,215.42591838229342,1.6158272735021733
0.024573884904384613,4.9022867117565,0.0009932835043414798,3.099533388124883e-06,176.0372127779927,1.32038768451812
0.024920218624174595,5.248620431546482,0.0010052492806497542,3.174661423061724e-06,187.08734025689495,1.4032704568890866
0.025256565771996975,5.584967579368862,0.0010272734801712545,3.3152938343040994e-06,211.37066691811765,1.5854103860360298
0.025578593835234642,5.906995642606529,0.0009865149785002272,3.0574350500800205e-06,145.28123116409273,1.0896988505641658
0.025887494906783104,6.215896714154991,0.0009474964623701107,2.820363379117663e-06,68.1266418446525,0.5109918378036347
0.026187618263065815,6.516020070437702,0.0009522804918859935,2.8489160236230475e-06,69.9318400947393,0.5245319382171437
0.026486813090741634,6.815214898113521,0.0010151810628848822,3.2377021109706267e-06,167.16211206719595,1.2538189545747938
0.026793014258146286,7.121416065518173,0.0010073570412195542,3.187988348903157e-06,149.97901317098783,1.1249351134461385
0.027107729576528072,7.436131383899959,0.0009673944217997907,2.9400656654094454e-06,78.67367564063615,0.5901010972190064
0.02742768358439207,7.756085391763958,0.0008869956915626151,2.4716836988103144e-06,-109.28122705214498,-0.8196766130957484
0.027750307694077492,8.078709501449378,0.0008694825621559493,2.3750438133007383e-06,-171.09891073309748,-1.2833473729861853
0.028074360452592373,8.402762259964259,0.0009135829847890084,2.622079634730791e-06,-62.841977214306695,-0.47135359322680714
0.02840069029480219,8.729092102174075,0.0009524573355011466,2.8499742399648405e-06,11.657813851277991,0.08744079501556701
0.02873336523771286,9.061767045084746,0.000977981712798448,3.0047707346919704e-06,49.91854792553552,0.374419901734235
0.029075097292661667,9.403499100033553,0.0009920379734805055,3.0917649232517726e-06,65.41239269079179,0.4906332948631079
0.029419507831335068,9.747909638706954,0.0009774427504399483,3.0014598096270583e-06,34.071271950721055,0.25555555651937606
0.029752583242952824,10.08098505032471,0.00089459836920761,2.51423621108275e-06,-150.8837974894193,-1.1317215539512415
0.030066155828535557,10.394557635907443,0.0008778143142656077,2.42077925875253e-06,-207.7477966764584,-1.558236624453433
0.030364735051989555,10.693136859361442,0.0009616537036836794,2.905275286594697e-06,-21.648669612026403,-0.16237837608784747
0.030658142641186714,10.9865444485586,0.0010079075676982115,3.19147380938323e-06,47.687440757837635,0.3576852217164162
0.03095577284693718,11.284174654309066,0.0010399733222184204,3.397772290055545e-06,85.27374867433781,0.6396057162316364
0.03126681875437498,11.595220561746867,0.0009982306307513955,3.1304852140061235e-06,21.82480202428929,0.1636994778272262
0.0315938051789999,11.922206986371787,0.0009406779306389622,2.779916702556569e-06,-87.83484204796383,-0.6588154963461482
0.0319270770996809,12.255478907052787,0.0008092928735982641,2.0576016758674217e-06,-497.9477813868301,-3.7349155198535784
0.0322539359331131,12.582337740484984,0.0007338308578536229,1.69177192199193e-06,-939.1764819856118,-7.044402946590415
0.03256623260676861,12.894634414140494,0.0007118926835610768,1.5921314885431252e-06,-1130.8740155824444,-8.48225269733016
0.032862214371562004,13.19061617893389,0.0007407979352837441,1.7240481830457327e-06,-936.0247274440078,-7.020762843366296
0.033148085698485374,13.47648750585726,0.0007990662765173603,2.0059286311284957e-06,-624.6858893855826,-4.685529508338635
0.03343081660568714,13.759218413059028,0.0008670613487556793,2.361834850683634e-06,-378.3059455013175,-2.837527949558453
0.03371309116482735,14.041492972199233,0.0009146156609986182,2.6280107645193758e-06,-258.8574412500246,-1.9415904857767345
0.033998165279626846,14.326567086998732,0.0009311628018647892,2.7239624064834914e-06,-229.51646857824693,-1.7215150917379964
0.034288667142391205,14.617068949763091,0.000997150507644059,3.1237142735827407e-06,-115.93622093342,-0.8695931723431435
0.03458113968372345,14.909541491095336,0.0010777434862736636,3.6490573262768467e-06,-18.9336920802399,-0.14201436986357682
0.03487149998545647,15.199901792828353,0.0011330264640460927,4.033016327641049e-06,27.89620186024073,0.2092387217442817
0.03516131639480591,15.489718202177794,0.0011894419311249545,4.444637659483118e-06,65.15236294557278,0.4886829113744272
0.03537927754223347,15.707679349605353,0.0012202822372971893,4.678110241927079e-06,81.41568298590234,0.6106678437177349
0.03567231819033623,16.000719997708114,0.0012410870647577832,4.838986060959883e-06,89.9470455553366,0.6746583255657189
