File,Exists,Purpose,Path
postProcessing/,True,OpenFOAM post-processing directory containing sampled lines and patch reductions.,/home/gurovamr/OpenFOAM/gurovamr-dev/run/TrackModule2/Hemodynamics-Model-Comparison/openfoam/pipe/postProcessing
centreline.xy,True,Sampled centreline pressure and velocity along the vessel axis.,/home/gurovamr/OpenFOAM/gurovamr-dev/run/TrackModule2/Hemodynamics-Model-Comparison/openfoam/pipe/postProcessing/sampleDict/144/centreline.xy
outletRadial.xy,True,Sampled outlet diameter profile for velocity-profile analysis.,/home/gurovamr/OpenFOAM/gurovamr-dev/run/TrackModule2/Hemodynamics-Model-Comparison/openfoam/pipe/postProcessing/sampleDict/144/outletRadial.xy
inlet patchAverage(U),True,Area-average inlet velocity vector for inlet flow rate.,"/home/gurovamr/OpenFOAM/gurovamr-dev/run/TrackModule2/Hemodynamics-Model-Comparison/openfoam/pipe/postProcessing/patchAverage(patch=inlet,fields=(U))/144/surfaceFieldValue.dat"
outlet patchAverage(U),True,Area-average outlet velocity vector for outlet flow rate and mass conservation.,"/home/gurovamr/OpenFOAM/gurovamr-dev/run/TrackModule2/Hemodynamics-Model-Comparison/openfoam/pipe/postProcessing/patchAverage(patch=outlet,fields=(U))/144/surfaceFieldValue.dat"
inlet patchAverage(p),True,Area-average inlet pressure for pressure drop.,"/home/gurovamr/OpenFOAM/gurovamr-dev/run/TrackModule2/Hemodynamics-Model-Comparison/openfoam/pipe/postProcessing/patchAverage(patch=inlet,fields=(p))/144/surfaceFieldValue.dat"
outlet patchAverage(p),True,Area-average outlet pressure for pressure drop.,"/home/gurovamr/OpenFOAM/gurovamr-dev/run/TrackModule2/Hemodynamics-Model-Comparison/openfoam/pipe/postProcessing/patchAverage(patch=outlet,fields=(p))/144/surfaceFieldValue.dat"
wallShearStress.dat,True,Wall shear stress range on the wall patch.,/home/gurovamr/OpenFOAM/gurovamr-dev/run/TrackModule2/Hemodynamics-Model-Comparison/openfoam/pipe/postProcessing/wallShearStress/144/wallShearStress.dat
ParaView state/export,True,Saved ParaView visualization/export state.,/home/gurovamr/OpenFOAM/gurovamr-dev/run/TrackModule2/Hemodynamics-Model-Comparison/openfoam/pipe/postProcessing/pipe_postprocessing.pvsm
