"Points:0","Points:1","Points:2","U:0","U:1","U:2","p"
0.0099953,-0.02809,-0.0080259,0.1587,-0.13237,-0.014976,0.30448
0.010088,-0.028004,-0.0079265,0.19896,-0.19761,-0.016683,0.30285
0.0099936,-0.028089,-0.0080027,0.19168,-0.16875,-0.01864,0.30413
0.0099445,-0.028128,-0.0079843,0.18153,-0.15306,-0.018587,0.30646
0.01002,-0.028067,-0.0080044,0.20183,-0.18444,-0.018693,0.30179
0.0099924,-0.028037,-0.0075024,0.32288,-0.35609,-0.02267,0.30562
0.0099922,-0.028038,-0.0075154,0.32234,-0.35636,-0.02225,0.30482
0.010023,-0.028012,-0.0075026,0.3558,-0.40941,-0.026176,0.30279
0.0099849,-0.028043,-0.0075023,0.30823,-0.33961,-0.022202,0.30852
0.0099924,-0.028036,-0.0074964,0.32637,-0.35897,-0.023091,0.30586
0.0099793,-0.028049,-0.0075154,0.30464,-0.33748,-0.022246,0.30827
0.01,-0.028032,-0.0075112,0.33413,-0.36895,-0.022253,0.30251
0.0099809,-0.028045,-0.0074906,0.31181,-0.34175,-0.022158,0.30876
0.0099994,-0.02803,-0.0074944,0.34094,-0.37619,-0.024024,0.30295
0.0099473,-0.028019,-0.0069906,0.29037,-0.30083,-0.018444,0.3102
0.0099923,-0.027982,-0.0069909,0.33818,-0.37396,-0.027279,0.3079
0.0099947,-0.027925,-0.0064792,0.19472,-0.19598,-0.014565,0.30854
0.0099637,-0.027951,-0.0064783,0.17776,-0.17726,-0.013303,0.31154
0.0099975,-0.027913,-0.0063851,0.16465,-0.15699,-0.010571,0.30826
0.0099568,-0.027951,-0.0064299,0.14791,-0.13811,-0.009303,0.31157
0.009953,-0.027964,-0.0065202,0.20761,-0.21642,-0.017303,0.3115
0.01077,-0.027426,-0.0077571,0.1672,-0.24762,-0.024321,0.28586
0.010746,-0.027391,-0.0072511,0.17744,-0.30385,-0.052617,0.29881
0.010742,-0.027399,-0.0072899,0.18466,-0.3093,-0.053662,0.29729
0.01074,-0.027392,-0.0072094,0.17021,-0.29839,-0.051571,0.30033
0.010249,-0.027881,-0.0080121,0.1867,-0.20584,-0.011528,0.29858
0.010249,-0.027874,-0.00795,0.22282,-0.2586,-0.01314,0.29861
0.010205,-0.027915,-0.0079892,0.21183,-0.24471,-0.012578,0.30119
0.0099921,-0.028065,-0.0077613,0.27284,-0.2958,-0.018907,0.30463
0.010062,-0.028007,-0.0077617,0.31166,-0.35421,-0.019572,0.30254
0.0099921,-0.028068,-0.0077919,0.25372,-0.26973,-0.017382,0.30374
0.0099749,-0.028079,-0.007761,0.25762,-0.27724,-0.020293,0.30712
0.009992,-0.028063,-0.0077475,0.29473,-0.32552,-0.019916,0.305
0.0099624,-0.028092,-0.0077914,0.23717,-0.24781,-0.020475,0.30683
0.0099661,-0.028083,-0.0077341,0.27808,-0.30667,-0.020112,0.30742
0.010009,-0.028053,-0.0077825,0.26475,-0.28433,-0.01532,0.30168
0.010008,-0.028049,-0.0077429,0.31138,-0.34436,-0.01972,0.30259
0.010506,-0.02766,-0.007928,0.21223,-0.28203,-0.013984,0.29358
0.0094921,-0.028447,-0.007499,0.029027,-0.017132,-0.0067678,0.32302
0.0094689,-0.028466,-0.007498,0.018535,-0.009749,-0.0049555,0.32415
0.0094772,-0.028461,-0.0075158,0.018817,-0.0099889,-0.0056639,0.32393
0.0097383,-0.028245,-0.0074996,0.23386,-0.25954,-0.017027,0.31681
0.0098196,-0.028178,-0.0075007,0.26067,-0.28688,-0.017823,0.31442
0.0097388,-0.028258,-0.007619,0.23931,-0.26525,-0.018362,0.31574
0.0097377,-0.02824,-0.0074465,0.23777,-0.26331,-0.015711,0.31708
0.0097992,-0.028189,-0.0074398,0.26285,-0.28918,-0.017719,0.31481
0.01025,-0.027825,-0.0075036,0.37203,-0.44316,-0.031099,0.29781
0.010251,-0.027803,-0.0072994,0.3853,-0.46105,-0.034337,0.29794
0.010178,-0.027877,-0.0074322,0.38063,-0.45315,-0.031225,0.30307
0.010184,-0.027887,-0.007569,0.35508,-0.41751,-0.024678,0.30247
0.010512,-0.02761,-0.0075039,0.36388,-0.44235,-0.032993,0.29078
0.010472,-0.027643,-0.0075038,0.3733,-0.4472,-0.033223,0.29411
0.01041,-0.027707,-0.0076211,0.36496,-0.43633,-0.03111,0.29475
0.010429,-0.027668,-0.0074081,0.38998,-0.46895,-0.037448,0.29282
0.010564,-0.027573,-0.0075501,0.34363,-0.42333,-0.029962,0.2872
0.010251,-0.02777,-0.006993,0.38278,-0.42775,-0.031376,0.29668
0.0099934,-0.027954,-0.0067369,0.28613,-0.30556,-0.023302,0.30866
0.0099712,-0.027972,-0.0067368,0.27388,-0.29293,-0.021689,0.31119
0.0099197,-0.028018,-0.0067734,0.26217,-0.2607,-0.013889,0.31078
0.0099613,-0.027977,-0.0067047,0.25715,-0.27234,-0.019677,0.31123
0.0099668,-0.027978,-0.0067584,0.29061,-0.31352,-0.0237,0.31115
0.010511,-0.027557,-0.0069942,0.31877,-0.41141,-0.037524,0.28734
0.010588,-0.027493,-0.0069945,0.24793,-0.3459,-0.040445,0.29769
0.010582,-0.027494,-0.0069596,0.22897,-0.3263,-0.038975,0.30032
0.010537,-0.027532,-0.0069698,0.30555,-0.3953,-0.037788,0.28521
0.0097398,-0.028135,-0.0064791,0.10167,-0.069618,0.0077027,0.31693
0.010147,-0.027801,-0.0064834,0.22698,-0.23453,-0.018627,0.30125
0.01,-0.027896,-0.0062469,0.033982,-0.021498,-0.002859,0.30883
0.010515,-0.0275,-0.0064906,0.22909,-0.304,-0.018224,0.29293
0.010515,-0.027499,-0.0064885,0.18948,-0.26683,-0.019911,0.29489
0.01052,-0.027495,-0.0064885,0.13895,-0.22111,-0.010678,0.29874
0.010516,-0.027495,-0.0064575,0.11894,-0.19792,-0.01386,0.30121
0.010517,-0.027498,-0.0064898,0.2144,-0.29853,-0.016028,0.28946
0.010511,-0.027503,-0.0064911,0.24379,-0.30946,-0.020419,0.2964
0.010738,-0.02748,-0.0080225,0.13931,-0.18677,-0.0049419,0.28735
0.010768,-0.027456,-0.0080271,0.058163,-0.083531,0.0005654,0.291
0.01079,-0.02744,-0.0080418,0.032033,-0.044024,0.0027192,0.29028
0.0094795,-0.028485,-0.0077538,0.025696,-0.0131,-0.0089132,0.32084
0.0094938,-0.028473,-0.007754,0.031692,-0.015573,-0.010416,0.32033
0.0097375,-0.028274,-0.0077585,0.19876,-0.20849,-0.020738,0.31458
0.0098293,-0.028198,-0.0077591,0.22563,-0.23868,-0.019177,0.31256
0.0097379,-0.028267,-0.0076962,0.22422,-0.24416,-0.019838,0.31441
0.010249,-0.027854,-0.0077607,0.33904,-0.40179,-0.025628,0.29794
0.01019,-0.027897,-0.0077108,0.35508,-0.41751,-0.024678,0.30247
0.010509,-0.02764,-0.0077588,0.31073,-0.38583,-0.026476,0.29208
0.010406,-0.027714,-0.0076577,0.36496,-0.43633,-0.03111,0.29475
0.010575,-0.027592,-0.0078178,0.27439,-0.35033,-0.023687,0.28952
0.01057,-0.027584,-0.0077051,0.32722,-0.40384,-0.029472,0.28907
0.010769,-0.027399,-0.0075035,0.19248,-0.3054,-0.056105,0.28665
0.010742,-0.027419,-0.0074762,0.19492,-0.31506,-0.05632,0.29616
0.010624,-0.027491,-0.0072499,0.27207,-0.37387,-0.041861,0.29637
0.010512,-0.027583,-0.0072492,0.3537,-0.44683,-0.037588,0.28915
0.010436,-0.027653,-0.0073225,0.38998,-0.46895,-0.037448,0.29282
0.010727,-0.027384,-0.0070362,0.1502,-0.27468,-0.046244,0.30235
0.010553,-0.027495,-0.0067429,0.19992,-0.29216,-0.025528,0.29998
0.010511,-0.02753,-0.0067418,0.29358,-0.37136,-0.029138,0.29026
0.010524,-0.027519,-0.006742,0.27826,-0.36078,-0.029095,0.28739
0.010549,-0.027495,-0.0067062,0.17964,-0.27116,-0.019873,0.30142
0.01056,-0.027495,-0.0067917,0.21193,-0.30664,-0.032704,0.30047
0.010527,-0.027515,-0.0067299,0.26458,-0.34438,-0.026131,0.28804
0.010527,-0.027518,-0.0067539,0.29194,-0.37719,-0.032058,0.28674
0.0097946,-0.028068,-0.0062762,0.0093386,-0.00432,-0.00021512,0.31551
0.010383,-0.027732,-0.0076496,0.36496,-0.43633,-0.03111,0.29475
0.010251,-0.027742,-0.0067389,0.33475,-0.39234,-0.025102,0.30123
0.0098227,-0.028242,-0.0081151,0.028408,-0.014422,-0.00072893,0.30795
0.0098728,-0.028201,-0.0081234,0.038344,-0.020684,-0.001136,0.30783
0.0096138,-0.028389,-0.0078868,0.092158,-0.051176,-0.022987,0.31725
0.010884,-0.027291,-0.0073756,0.041785,-0.082885,-0.013386,0.29099
0.010868,-0.027307,-0.0074055,0.041956,-0.079756,-0.012722,0.29085
0.010878,-0.027269,-0.0071249,0.032497,-0.10438,-0.028542,0.29854
0.010873,-0.027268,-0.0070748,0.019916,-0.075652,-0.020258,0.30436
0.0099971,-0.028102,-0.0081441,0.045068,-0.029121,-0.0033977,0.30428
0.0099224,-0.028145,-0.007978,0.18153,-0.15306,-0.018587,0.30646
0.010505,-0.02767,-0.0080102,0.19797,-0.25909,-0.012157,0.29264
0.010574,-0.02761,-0.0079747,0.21407,-0.28299,-0.014184,0.29056
0.010478,-0.027691,-0.0079929,0.21101,-0.28139,-0.01385,0.2956
0.010103,-0.027946,-0.0075029,0.36785,-0.43533,-0.027952,0.30277
0.0097394,-0.02819,-0.0069896,0.19231,-0.19129,-0.0037185,0.31842
0.0097397,-0.028181,-0.0069097,0.18329,-0.17772,-0.0014132,0.31853
0.0097729,-0.028162,-0.0069895,0.22384,-0.22086,-0.0082209,0.316
0.0097383,-0.0282,-0.0070762,0.21173,-0.21479,-0.0075849,0.31748
0.0097881,-0.028143,-0.0069294,0.21518,-0.2071,-0.0057349,0.3162
0.0097858,-0.028157,-0.0070375,0.23251,-0.23463,-0.010707,0.3158
0.0098839,-0.028016,-0.0064771,0.16587,-0.15148,-0.0083065,0.31163
0.0098663,-0.028031,-0.0064768,0.1413,-0.10236,0.0034089,0.31331
0.010123,-0.027821,-0.0064825,0.219,-0.22471,-0.017305,0.30419
0.0099985,-0.027909,-0.0063528,0.13936,-0.12561,-0.0090329,0.30924
0.0099566,-0.027946,-0.0063823,0.14791,-0.13811,-0.009303,0.31157
0.010734,-0.027495,-0.0081345,0.026933,-0.032423,0.000796,0.28708
0.010749,-0.027482,-0.0081225,0.016806,-0.024097,0.00099526,0.29342
0.010748,-0.027483,-0.0081208,0.016806,-0.024097,0.00099526,0.29342
0.0097368,-0.028277,-0.0077896,0.17192,-0.15541,-0.027163,0.31394
0.0097325,-0.028278,-0.0077584,0.16691,-0.15869,-0.027583,0.3162
0.0097358,-0.028275,-0.0077602,0.16206,-0.16099,-0.023375,0.31617
0.0097433,-0.028269,-0.0077645,0.20289,-0.20412,-0.0194,0.31191
0.0097356,-0.028275,-0.0077565,0.19107,-0.20905,-0.021456,0.31723
0.0097473,-0.028264,-0.0077486,0.24079,-0.26172,-0.019029,0.313
0.010768,-0.027413,-0.0076298,0.18927,-0.27917,-0.040883,0.28418
0.010775,-0.027381,-0.0073788,0.18324,-0.30791,-0.057242,0.29129
0.010744,-0.027403,-0.0073409,0.18466,-0.3093,-0.053662,0.29729
0.010741,-0.027413,-0.0074186,0.19492,-0.31506,-0.05632,0.29616
0.010774,-0.027368,-0.0072513,0.14564,-0.26774,-0.048614,0.29929
0.010738,-0.027389,-0.0071651,0.17021,-0.29839,-0.051571,0.30033
0.010729,-0.027386,-0.0070674,0.1502,-0.27468,-0.046244,0.30235
0.010638,-0.027426,-0.0067444,0.12887,-0.23469,-0.022048,0.30466
0.010617,-0.02744,-0.0067157,0.12302,-0.22235,-0.015701,0.31034
0.010621,-0.027442,-0.0067654,0.15859,-0.25961,-0.033135,0.30962
0.010767,-0.02732,-0.0067447,0.026664,-0.091254,-0.013947,0.31197
0.00949,-0.028487,-0.0078547,0.021468,-0.0082927,-0.0042071,0.31984
0.009493,-0.028487,-0.0078752,0.021114,-0.0071111,-0.004137,0.31937
0.0095017,-0.028481,-0.0078857,0.01589,-0.0046049,-0.0027391,0.31938
0.0097369,-0.028302,-0.0080218,0.072301,-0.03049,-0.0088097,0.31204
0.0097756,-0.02827,-0.0080192,0.11921,-0.076921,-0.012811,0.31129
0.010636,-0.027563,-0.0080184,0.17774,-0.23436,-0.0064017,0.28874
0.01067,-0.027533,-0.0079953,0.20351,-0.26743,-0.0092452,0.28397
0.01083,-0.027405,-0.0080287,0.032681,-0.038174,0.00222,0.28344
0.010768,-0.027345,-0.006995,0.10269,-0.21625,-0.042258,0.30516
0.0097439,-0.028116,-0.0063376,0.049321,-0.024104,0.0013621,0.31643
0.0099006,-0.027979,-0.0062564,0.020895,-0.011569,-0.0026561,0.31237
0.0098748,-0.028,-0.0062587,0.014499,-0.0069939,-0.0011555,0.31248
0.010513,-0.027514,-0.0066153,0.24748,-0.32125,-0.021219,0.29241
0.010537,-0.027495,-0.0066159,0.19377,-0.28163,-0.016514,0.29715
0.010521,-0.027507,-0.0066074,0.2144,-0.29853,-0.016028,0.28946
0.010522,-0.027507,-0.006622,0.26458,-0.34438,-0.026131,0.28804
0.010498,-0.027524,-0.0065935,0.24379,-0.30946,-0.020419,0.2964
0.01064,-0.027397,-0.0064924,0.046857,-0.10268,-0.0047622,0.30214
0.010523,-0.027479,-0.0063635,0.034421,-0.067448,-0.0015827,0.30737
0.010503,-0.027495,-0.0063649,0.050536,-0.084456,-0.0062285,0.30445
0.010533,-0.02747,-0.0063565,0.0096953,-0.01853,-0.00070157,0.30515
0.010503,-0.027685,-0.0081303,0.081593,-0.092134,-0.0013805,0.29278
0.010144,-0.027912,-0.007503,0.37041,-0.43889,-0.028607,0.30283
0.010319,-0.027769,-0.0075039,0.38164,-0.45807,-0.035335,0.29346
0.010382,-0.027731,-0.0076341,0.36496,-0.43633,-0.03111,0.29475
0.010373,-0.027712,-0.0073845,0.38998,-0.46895,-0.037448,0.29282
0.010637,-0.027557,-0.0079729,0.20773,-0.27365,-0.011221,0.28661
0.010577,-0.027608,-0.0079743,0.21407,-0.28299,-0.014184,0.29056
0.0094936,-0.028419,-0.0072482,0.025696,-0.01436,-0.00056092,0.32369
0.0094619,-0.028445,-0.007249,0.014663,-0.0074316,7.5395e-05,0.32455
0.0096205,-0.028234,-0.006492,0.031592,-0.013067,0.0032887,0.31893
0.0096189,-0.028236,-0.0064985,0.038887,-0.01746,0.0065753,0.31936
0.010252,-0.027715,-0.0064869,0.21501,-0.26732,-0.016009,0.30421
0.010252,-0.027704,-0.006387,0.17908,-0.23329,-0.012669,0.30418
0.010331,-0.02765,-0.0064883,0.23656,-0.29247,-0.017591,0.30186
0.0098714,-0.028013,-0.006349,0.077983,-0.042634,-0.0012437,0.31316
0.0098796,-0.028006,-0.0063494,0.09738,-0.072431,-0.0057097,0.31173
0.010124,-0.027817,-0.0064512,0.18263,-0.17855,-0.012415,0.30404
0.010586,-0.027427,-0.0063602,0.016859,-0.042751,-0.0028167,0.3055
0.0097472,-0.028302,-0.0080992,0.011805,-0.004759,-0.00036725,0.31096
0.0097663,-0.028286,-0.0081008,0.011805,-0.004759,-0.00036725,0.31096
0.009618,-0.028399,-0.0080137,0.047352,-0.015734,-0.0081937,0.31599
0.0098675,-0.028195,-0.0080201,0.15087,-0.11757,-0.015372,0.30815
0.0098662,-0.028192,-0.0079825,0.17231,-0.14206,-0.018394,0.30806
0.0098357,-0.028218,-0.0079948,0.15386,-0.12005,-0.018008,0.31124
0.010638,-0.027575,-0.0081408,0.041388,-0.050137,0.0011839,0.29088
0.010636,-0.027579,-0.0081658,0.019712,-0.022,0.0010085,0.2901
0.01066,-0.027559,-0.008156,0.019712,-0.022,0.0010085,0.2901
0.0097357,-0.028289,-0.0078885,0.13898,-0.086639,-0.029221,0.31287
0.0097539,-0.028274,-0.0078883,0.1746,-0.14696,-0.023651,0.31174
0.0096129,-0.028376,-0.0077567,0.11317,-0.085961,-0.029372,0.31842
0.010644,-0.027488,-0.0073775,0.18979,-0.31218,-0.054991,0.29673
0.010892,-0.027271,-0.0072512,0.045208,-0.10618,-0.024496,0.29391
0.01077,-0.027358,-0.0071226,0.1296,-0.25437,-0.048216,0.30227
0.010666,-0.027443,-0.0071221,0.1622,-0.28891,-0.04944,0.30114
0.010868,-0.027269,-0.0070486,0.0066768,-0.033075,-0.0086915,0.31174
0.010858,-0.027273,-0.0070071,0.010194,-0.048358,-0.01246,0.30444
0.010857,-0.027274,-0.0070055,0.0070338,-0.032904,-0.0073012,0.30504
0.010642,-0.027409,-0.0066185,0.098174,-0.19143,-0.0073135,0.30472
0.010617,-0.027432,-0.0066417,0.12302,-0.22235,-0.015701,0.31034
0.010691,-0.027356,-0.0064972,0.0052343,-0.017994,-0.0013083,0.31323
0.010637,-0.027549,-0.0078886,0.23253,-0.30353,-0.017488,0.28673
0.010577,-0.027607,-0.0079729,0.21407,-0.28299,-0.014184,0.29056
0.010371,-0.027709,-0.0073474,0.38998,-0.46895,-0.037448,0.29282
0.010125,-0.027806,-0.0063577,0.15746,-0.15187,-0.010868,0.30457
0.01009,-0.027837,-0.0063817,0.17302,-0.16644,-0.011204,0.30661
0.010141,-0.027794,-0.006371,0.19223,-0.19067,-0.013625,0.30148
0.0099572,-0.028128,-0.0080893,0.090602,-0.062522,-0.0091336,0.3045
0.0099332,-0.028148,-0.0080871,0.065451,-0.041878,-0.0053048,0.30484
0.0098648,-0.028183,-0.00789,0.19052,-0.17618,-0.019039,0.30929
0.0098315,-0.028215,-0.0079321,0.15386,-0.12005,-0.018008,0.31124
0.0098199,-0.028215,-0.0078438,0.20289,-0.20412,-0.0194,0.31191
0.0096118,-0.028363,-0.0076269,0.12022,-0.10488,-0.025607,0.32014
0.0098659,-0.028154,-0.0076297,0.26522,-0.29156,-0.019429,0.31143
0.0098051,-0.028198,-0.0075673,0.25741,-0.28343,-0.01798,0.31384
0.0098114,-0.028205,-0.0076843,0.24079,-0.26172,-0.019029,0.313
0.010642,-0.02749,-0.0073775,0.21804,-0.32983,-0.049722,0.2991
0.010641,-0.027464,-0.0071219,0.19741,-0.30978,-0.045951,0.30358
0.010425,-0.027749,-0.0081273,0.08508,-0.095122,-0.0044183,0.29521
0.010376,-0.027789,-0.0081247,0.063496,-0.064601,-0.0037153,0.29493
0.0096145,-0.028279,-0.0068623,0.056334,-0.029747,0.0029424,0.32142
0.0096187,-0.028275,-0.0068622,0.11412,-0.094706,0.0030397,0.32057
0.0096154,-0.028273,-0.0068167,0.068453,-0.045867,0.0029727,0.3212
0.0096179,-0.028249,-0.0066151,0.053267,-0.026855,0.010212,0.32036
0.0095902,-0.028272,-0.006616,0.040959,-0.020718,0.0089831,0.32052
0.010338,-0.027636,-0.0064078,0.17733,-0.23563,-0.011624,0.30261
0.0096545,-0.028375,-0.0080663,0.036553,-0.011137,-0.0045926,0.31533
0.0096752,-0.028358,-0.0080737,0.039764,-0.013543,-0.0049247,0.31405
0.009807,-0.028251,-0.0080819,0.050116,-0.026698,-0.002171,0.31023
0.0098126,-0.02825,-0.0081134,0.015746,-0.0073249,-0.00064075,0.30919
0.010693,-0.027532,-0.0081573,0.016589,-0.018022,0.00051616,0.2875
0.01057,-0.027624,-0.008074,0.12865,-0.15006,-0.0044749,0.28991
0.010579,-0.027616,-0.0080747,0.13334,-0.16708,-0.0051366,0.28992
0.010582,-0.027624,-0.0081723,0.033671,-0.035202,-0.00036302,0.28997
0.010566,-0.027638,-0.008174,0.043584,-0.043077,-0.00082007,0.29037
0.010704,-0.027515,-0.0080852,0.093673,-0.11712,0.0033461,0.28636
0.010828,-0.027409,-0.0080436,0.030693,-0.040208,0.0027529,0.28843
0.010817,-0.027418,-0.0080462,0.032033,-0.044024,0.0027192,0.29028
0.0096742,-0.028332,-0.007823,0.12696,-0.087497,-0.030762,0.31607
0.0095507,-0.028447,-0.0079449,0.016364,-0.0039779,-0.0019866,0.31892
0.009597,-0.02841,-0.0079516,0.03903,-0.01398,-0.0080041,0.3183
0.009574,-0.02843,-0.0079645,0.012531,-0.0024381,-0.0013422,0.31881
0.0096751,-0.028345,-0.007948,0.09439,-0.044643,-0.019184,0.3145
0.0095521,-0.028432,-0.0078199,0.041001,-0.016105,-0.010284,0.3189
0.009578,-0.028411,-0.007821,0.071283,-0.041544,-0.019424,0.31849
0.01085,-0.027354,-0.0077081,0.13619,-0.20184,-0.019977,0.28129
0.010863,-0.027343,-0.0077018,0.055769,-0.08092,-0.0075773,0.28515
0.01083,-0.027363,-0.0076372,0.096734,-0.14201,-0.017882,0.28505
0.010812,-0.02737,-0.0075652,0.14202,-0.22652,-0.037165,0.28822
0.010826,-0.027359,-0.0075645,0.065585,-0.10536,-0.016101,0.29172
0.010777,-0.027372,-0.0073153,0.12452,-0.2464,-0.048979,0.29225
0.01084,-0.027321,-0.0073156,0.081251,-0.17269,-0.03237,0.29655
0.010794,-0.027372,-0.0074411,0.13748,-0.24476,-0.046289,0.28849
0.010841,-0.027334,-0.007442,0.066762,-0.12496,-0.021185,0.29343
0.010835,-0.027311,-0.0071874,0.055216,-0.13903,-0.033984,0.29818
0.010872,-0.027268,-0.0070645,0.0037297,-0.018627,-0.0043841,0.31532
0.010832,-0.0273,-0.0070587,0.035776,-0.12118,-0.031138,0.30277
0.010694,-0.027373,-0.0066832,0.069548,-0.16182,-0.010347,0.30516
0.010702,-0.027367,-0.0066833,0.026466,-0.094805,-0.0084363,0.31372
0.010714,-0.027351,-0.0066301,0.026705,-0.079712,-0.005083,0.30877
0.010706,-0.027363,-0.0066783,0.0061322,-0.039095,-0.0032053,0.31447
0.010719,-0.027343,-0.0065979,0.032141,-0.084119,-0.0040459,0.30163
0.010679,-0.027371,-0.006557,0.030079,-0.08003,-0.0055403,0.30646
0.010709,-0.027347,-0.0065581,0.018727,-0.063205,-0.0051903,0.31348
0.0096787,-0.028178,-0.0064187,0.025746,-0.009707,0.0014927,0.31825
0.009721,-0.028143,-0.0064112,0.045619,-0.022035,0.0025555,0.31708
0.0098044,-0.028074,-0.0064097,0.092208,-0.055096,0.0029184,0.315
0.0098152,-0.028051,-0.006271,0.010746,-0.0049822,-0.0004878,0.31477
0.0098139,-0.028053,-0.0062873,0.029115,-0.013274,-0.00012033,0.31495
0.0097513,-0.028105,-0.0062904,0.018196,-0.0083753,7.5996e-05,0.31549
0.0097946,-0.028069,-0.0062809,0.0093386,-0.00432,-0.00021512,0.31551
0.010574,-0.027444,-0.0064232,0.036103,-0.080219,-0.0021095,0.30548
0.010594,-0.027425,-0.0064012,0.016859,-0.042751,-0.0028167,0.3055
0.010103,-0.028002,-0.008025,0.17932,-0.17733,-0.014982,0.30292
0.010122,-0.027987,-0.0080241,0.16719,-0.17987,-0.012541,0.3027
0.010116,-0.027991,-0.0080206,0.19466,-0.21737,-0.013666,0.30445
0.010135,-0.027974,-0.0080142,0.21183,-0.24471,-0.012578,0.30119
0.010082,-0.028005,-0.0078923,0.23764,-0.25601,-0.015066,0.30292
0.0099925,-0.028078,-0.0078927,0.21438,-0.20647,-0.018541,0.30459
0.0099465,-0.028123,-0.0079513,0.18153,-0.15306,-0.018587,0.30646
0.010016,-0.028062,-0.0079223,0.20183,-0.18444,-0.018693,0.30179
0.0099586,-0.028103,-0.0078573,0.23717,-0.24781,-0.020475,0.30683
0.010013,-0.02806,-0.0078721,0.26475,-0.28433,-0.01532,0.30168
0.0099964,-0.028097,-0.0080917,0.075682,-0.053981,-0.0059063,0.30427
0.0099464,-0.02813,-0.0080242,0.15903,-0.12868,-0.016353,0.30584
0.0099301,-0.028139,-0.0079803,0.18153,-0.15306,-0.018587,0.30646
0.0099923,-0.028015,-0.0072948,0.33546,-0.37345,-0.024846,0.30647
0.0099851,-0.028015,-0.0072466,0.31744,-0.34593,-0.021971,0.30958
0.0099923,-0.02801,-0.0072466,0.36451,-0.42105,-0.030982,0.30592
0.0099961,-0.028007,-0.0072504,0.38063,-0.45315,-0.031225,0.30307
0.0099922,-0.028051,-0.0076312,0.30256,-0.33443,-0.021008,0.30581
0.010042,-0.02801,-0.0076316,0.33353,-0.37694,-0.022217,0.30252
0.0099736,-0.028064,-0.0076119,0.30464,-0.33748,-0.022246,0.30827
0.010004,-0.02804,-0.0076182,0.33413,-0.36895,-0.022253,0.30251
0.009971,-0.02807,-0.0076525,0.27808,-0.30667,-0.020112,0.30742
0.010005,-0.028042,-0.0076457,0.31138,-0.34436,-0.01972,0.30259
0.0098663,-0.02814,-0.0075012,0.28761,-0.31677,-0.020337,0.311
0.0099018,-0.028115,-0.007538,0.30464,-0.33748,-0.022246,0.30827
0.0098998,-0.028109,-0.0074675,0.31181,-0.34175,-0.022158,0.30876
0.0098073,-0.028182,-0.0074421,0.26285,-0.28918,-0.017719,0.31481
0.0094878,-0.028397,-0.0069922,0.036801,-0.023591,0.0038553,0.32317
0.010121,-0.027877,-0.006992,0.36373,-0.40316,-0.029959,0.30239
0.0099314,-0.028019,-0.0068636,0.27185,-0.27493,-0.015881,0.31063
0.0099927,-0.027968,-0.0068638,0.31119,-0.33717,-0.025379,0.309
0.00997,-0.027984,-0.006841,0.29061,-0.31352,-0.0237,0.31115
0.0098653,-0.028086,-0.0069899,0.24644,-0.24381,-0.011173,0.31322
0.0098821,-0.028071,-0.0069708,0.26548,-0.25747,-0.012779,0.30996
0.0098838,-0.028073,-0.007009,0.283,-0.28829,-0.017283,0.30991
0.0098303,-0.02811,-0.0069457,0.21518,-0.2071,-0.0057349,0.3162
0.0098313,-0.028118,-0.0070241,0.23251,-0.23463,-0.010707,0.3158
0.0099935,-0.02794,-0.0066087,0.24592,-0.25899,-0.019967,0.30927
0.0099549,-0.027968,-0.0065692,0.20761,-0.21642,-0.017303,0.3115
0.0099582,-0.027973,-0.0066438,0.25715,-0.27234,-0.019677,0.31123
0.010046,-0.027877,-0.0064192,0.17302,-0.16644,-0.011204,0.30661
0.010043,-0.027891,-0.006529,0.23902,-0.25048,-0.019607,0.30648
0.0099311,-0.027974,-0.0064461,0.14791,-0.13811,-0.009303,0.31157
0.0099299,-0.027982,-0.0065061,0.20761,-0.21642,-0.017303,0.3115
0.0099562,-0.027949,-0.0064046,0.14791,-0.13811,-0.009303,0.31157
0.010765,-0.027444,-0.0078901,0.126,-0.18929,-0.0092678,0.28872
0.010715,-0.027485,-0.0078897,0.20574,-0.27947,-0.018911,0.28587
0.010639,-0.027533,-0.0077583,0.29522,-0.37119,-0.02796,0.28591
0.010695,-0.027487,-0.0077578,0.25272,-0.33692,-0.032805,0.28557
0.010662,-0.027516,-0.0077774,0.25827,-0.33581,-0.026004,0.28254
0.010594,-0.027576,-0.0078083,0.27439,-0.35033,-0.023687,0.28952
0.01066,-0.027514,-0.0077412,0.30378,-0.37778,-0.031809,0.28086
0.010605,-0.027557,-0.0077197,0.32722,-0.40384,-0.029472,0.28907
0.010847,-0.027362,-0.0077586,0.11541,-0.16728,-0.010532,0.28226
0.01077,-0.027418,-0.0076935,0.17788,-0.26249,-0.03193,0.28478
0.010642,-0.027477,-0.0072501,0.19826,-0.31617,-0.049846,0.30037
0.010655,-0.027467,-0.0072602,0.18466,-0.3093,-0.053662,0.29729
0.010638,-0.02748,-0.007255,0.24406,-0.34533,-0.045302,0.30237
0.010656,-0.027463,-0.0072387,0.17021,-0.29839,-0.051571,0.30033
0.010637,-0.02748,-0.0072449,0.23575,-0.33631,-0.043305,0.30458
0.010775,-0.027374,-0.0073153,0.17366,-0.30444,-0.057997,0.28947
0.010743,-0.0274,-0.007315,0.18466,-0.3093,-0.053662,0.29729
0.010774,-0.027371,-0.0072859,0.16227,-0.28873,-0.053019,0.29492
0.010772,-0.02737,-0.0072533,0.18466,-0.3093,-0.053662,0.29729
0.010772,-0.02737,-0.007249,0.17021,-0.29839,-0.051571,0.30033
0.010739,-0.02739,-0.0071867,0.17021,-0.29839,-0.051571,0.30033
0.010249,-0.027893,-0.0081287,0.056965,-0.050693,-0.0016536,0.29842
0.010248,-0.027868,-0.0078875,0.24892,-0.29029,-0.014722,0.29881
0.010203,-0.027912,-0.0079522,0.21183,-0.24471,-0.012578,0.30119
0.010295,-0.02784,-0.007982,0.23106,-0.26901,-0.013563,0.29667
0.0098651,-0.028169,-0.0077596,0.2457,-0.26247,-0.019934,0.3089
0.0099098,-0.028137,-0.0078068,0.23717,-0.24781,-0.020475,0.30683
0.0099072,-0.02813,-0.0077168,0.27808,-0.30667,-0.020112,0.30742
0.01012,-0.02796,-0.0077618,0.31775,-0.37341,-0.01987,0.30278
0.010118,-0.027959,-0.0077397,0.35508,-0.41751,-0.024678,0.30247
0.010507,-0.027655,-0.0078859,0.24712,-0.32032,-0.019162,0.29171
0.010575,-0.027593,-0.0078276,0.27439,-0.35033,-0.023687,0.28952
0.010379,-0.027747,-0.0077597,0.34063,-0.41001,-0.028319,0.29437
0.0094722,-0.028477,-0.0076274,0.024283,-0.012892,-0.0090219,0.32237
0.0094926,-0.02846,-0.0076258,0.032298,-0.018494,-0.010693,0.32143
0.0094929,-0.028433,-0.0073736,0.026264,-0.014986,-0.0026841,0.32381
0.0094653,-0.028456,-0.0073736,0.017049,-0.0088155,-0.0016879,0.32471
0.0097388,-0.028258,-0.0076284,0.22155,-0.24371,-0.019584,0.31584
0.0096929,-0.028282,-0.0074991,0.19298,-0.20097,-0.017455,0.3188
0.0097225,-0.02826,-0.0075154,0.21216,-0.238,-0.018935,0.31859
0.0097943,-0.028205,-0.0075563,0.25741,-0.28343,-0.01798,0.31384
0.0097203,-0.028258,-0.0074818,0.21269,-0.23745,-0.013703,0.31934
0.010511,-0.027625,-0.0076311,0.34691,-0.42274,-0.030246,0.29046
0.010408,-0.027711,-0.0076411,0.36496,-0.43633,-0.03111,0.29475
0.010565,-0.027575,-0.0075832,0.34363,-0.42333,-0.029962,0.2872
0.010569,-0.027582,-0.0076833,0.32722,-0.40384,-0.029472,0.28907
0.010642,-0.027492,-0.0073955,0.27867,-0.37569,-0.042466,0.28976
0.010656,-0.027492,-0.0075038,0.261,-0.3579,-0.045272,0.28613
0.010641,-0.027505,-0.0075038,0.33187,-0.41144,-0.032732,0.28256
0.010646,-0.0275,-0.0074994,0.3212,-0.39884,-0.036029,0.27639
0.010628,-0.027517,-0.0075181,0.34363,-0.42333,-0.029962,0.2872
0.010648,-0.0275,-0.0075106,0.31341,-0.38897,-0.033957,0.27817
0.01064,-0.027492,-0.0073775,0.28297,-0.38177,-0.04059,0.29559
0.010512,-0.027596,-0.0073768,0.36903,-0.45417,-0.035671,0.28929
0.010433,-0.027661,-0.0073691,0.38998,-0.46895,-0.037448,0.29282
0.0094625,-0.028435,-0.0071535,0.008657,-0.0044668,0.00042037,0.32456
0.0094694,-0.028429,-0.00715,0.008657,-0.0044668,0.00042037,0.32456
0.010251,-0.027756,-0.0068659,0.36523,-0.39888,-0.03091,0.29736
0.010122,-0.027849,-0.0067376,0.31948,-0.34322,-0.027432,0.30354
0.0099149,-0.028019,-0.0067367,0.25921,-0.26634,-0.016931,0.31122
0.0098667,-0.028058,-0.006737,0.21763,-0.20515,-0.0050666,0.31327
0.009878,-0.02805,-0.0067484,0.2432,-0.22548,-0.0073479,0.31053
0.010607,-0.027491,-0.0071218,0.25785,-0.35952,-0.042458,0.29769
0.010511,-0.02757,-0.0071215,0.32991,-0.42931,-0.038459,0.28794
0.01064,-0.027451,-0.0069944,0.18243,-0.29535,-0.042806,0.30353
0.010628,-0.027461,-0.0070057,0.21433,-0.31648,-0.044005,0.30656
0.010676,-0.027424,-0.0070206,0.1502,-0.27468,-0.046244,0.30235
0.010628,-0.027459,-0.0069804,0.19069,-0.2918,-0.039569,0.30787
0.01057,-0.027494,-0.0068683,0.2491,-0.34203,-0.035495,0.29508
0.01051,-0.027544,-0.0068676,0.30891,-0.39401,-0.034231,0.28832
0.010533,-0.027527,-0.0068848,0.30555,-0.3953,-0.037788,0.28521
0.010532,-0.027525,-0.0068522,0.29194,-0.37719,-0.032058,0.28674
0.0098026,-0.028083,-0.0064774,0.11942,-0.083348,0.0059051,0.31526
0.0097233,-0.028148,-0.0064797,0.067136,-0.037611,0.0065264,0.31717
0.0097414,-0.028126,-0.0064107,0.075425,-0.043143,0.0048859,0.31667
0.0097393,-0.028149,-0.006609,0.14184,-0.12025,0.0061138,0.31752
0.010206,-0.027753,-0.0064856,0.21284,-0.2373,-0.016836,0.30355
0.010238,-0.027725,-0.0064682,0.18171,-0.22979,-0.014236,0.30654
0.010307,-0.027665,-0.0064364,0.17733,-0.23563,-0.011624,0.30261
0.010288,-0.027688,-0.0065148,0.26617,-0.32089,-0.020575,0.30149
0.0099998,-0.027901,-0.0062919,0.073235,-0.051198,-0.0052571,0.30853
0.0099375,-0.027948,-0.0062532,0.028004,-0.016727,-0.0038317,0.31223
0.010577,-0.027448,-0.006489,0.088254,-0.16663,-0.0031733,0.3052
0.010517,-0.027491,-0.0064255,0.074484,-0.1421,-0.0015162,0.30692
0.010511,-0.027495,-0.0064257,0.0967,-0.16028,-0.0099303,0.30392
0.010384,-0.027607,-0.0064887,0.21611,-0.2783,-0.018331,0.30031
0.010429,-0.027572,-0.0065151,0.24379,-0.30946,-0.020419,0.2964
0.010768,-0.027462,-0.008088,0.054982,-0.072054,0.0016832,0.28958
0.010784,-0.027449,-0.0080862,0.029313,-0.040996,0.001836,0.29174
0.010792,-0.027441,-0.0080692,0.032033,-0.044024,0.0027192,0.29028
0.010779,-0.027454,-0.0080901,0.016806,-0.024097,0.00099526,0.29342
0.010702,-0.02751,-0.0080225,0.16183,-0.20999,-0.0025651,0.28455
0.010704,-0.027507,-0.0080094,0.20351,-0.26743,-0.0092452,0.28397
0.010813,-0.02742,-0.008032,0.037345,-0.049736,0.0022699,0.28772
0.010802,-0.02743,-0.0080462,0.032033,-0.044024,0.0027192,0.29028
0.010808,-0.027427,-0.0080626,0.032033,-0.044024,0.0027192,0.29028
0.0095516,-0.028426,-0.0077553,0.047119,-0.021203,-0.01403,0.31935
0.0094859,-0.028486,-0.0078172,0.020213,-0.0092032,-0.0061107,0.3204
0.0094931,-0.028481,-0.0078175,0.026686,-0.010901,-0.0067161,0.31977
0.01039,-0.027726,-0.0076521,0.36496,-0.43633,-0.03111,0.29475
0.010767,-0.027408,-0.0075662,0.19827,-0.30038,-0.052818,0.28417
0.010773,-0.027389,-0.0074412,0.1878,-0.30736,-0.056938,0.28894
0.010742,-0.027416,-0.0074462,0.19492,-0.31506,-0.05632,0.29616
0.010803,-0.027371,-0.0075031,0.14133,-0.23755,-0.042485,0.28798
0.010728,-0.027385,-0.0070509,0.1502,-0.27468,-0.046244,0.30235
0.010735,-0.027373,-0.0069949,0.12403,-0.24578,-0.043146,0.3016
0.010748,-0.027365,-0.0070157,0.1502,-0.27468,-0.046244,0.30235
0.010382,-0.027636,-0.0067402,0.31574,-0.38012,-0.026511,0.29669
0.010721,-0.027342,-0.006602,0.01453,-0.042001,-0.001908,0.29787
0.010641,-0.02739,-0.0064342,0.017825,-0.046408,-0.0043657,0.30154
0.01025,-0.027692,-0.0062585,0.037795,-0.042379,-0.0018531,0.30392
0.010517,-0.02748,-0.0063269,0.014848,-0.027533,-0.0016228,0.30672
0.010529,-0.027471,-0.0063313,0.0096953,-0.01853,-0.00070157,0.30515
0.010493,-0.027499,-0.0063185,0.034048,-0.056514,-0.0046812,0.30447
0.010536,-0.027465,-0.006337,0.0096953,-0.01853,-0.00070157,0.30515
0.0097414,-0.028161,-0.006738,0.13829,-0.10361,0.0072807,0.31791
0.010252,-0.027729,-0.0066123,0.29088,-0.34178,-0.021591,0.30294
0.0098159,-0.028247,-0.0081143,0.021656,-0.011174,-0.001051,0.30653
0.0098103,-0.02825,-0.0081009,0.019512,-0.0092671,-0.00047016,0.30967
0.0098153,-0.028248,-0.0081131,0.021656,-0.011174,-0.001051,0.30653
0.0098034,-0.028257,-0.0081101,0.011805,-0.004759,-0.00036725,0.31096
0.0099348,-0.028152,-0.0081355,0.04247,-0.025992,-0.0028185,0.30483
0.009869,-0.0282,-0.0080822,0.080702,-0.048144,-0.0056545,0.30766
0.010568,-0.027631,-0.0081319,0.070252,-0.07517,-0.0020631,0.28947
0.010585,-0.027618,-0.0081326,0.075674,-0.087902,-0.0017086,0.28998
0.0095869,-0.028411,-0.0078867,0.060581,-0.030043,-0.01429,0.31826
0.0096149,-0.028394,-0.0079478,0.068126,-0.027524,-0.015676,0.317
0.0096747,-0.028339,-0.007888,0.11635,-0.069402,-0.026956,0.31522
0.0096132,-0.028382,-0.0078217,0.10017,-0.067226,-0.026637,0.31805
0.010866,-0.027333,-0.0076231,0.033806,-0.0487,-0.0069349,0.28811
0.010865,-0.027336,-0.007646,0.027906,-0.039037,-0.0049656,0.28786
0.010861,-0.027339,-0.0076473,0.027906,-0.039037,-0.0049656,0.28786
0.010827,-0.027365,-0.0076284,0.052329,-0.078712,-0.010861,0.29063
0.010882,-0.027296,-0.0074092,0.041956,-0.079756,-0.012722,0.29085
0.010845,-0.027324,-0.0073847,0.061044,-0.12237,-0.020692,0.29326
0.010867,-0.027308,-0.0074074,0.041956,-0.079756,-0.012722,0.29085
0.01089,-0.027279,-0.0073124,0.044028,-0.10102,-0.018763,0.29203
0.010885,-0.02727,-0.0071879,0.041119,-0.10702,-0.027952,0.29616
0.010833,-0.027306,-0.0071229,0.056361,-0.15826,-0.039756,0.30164
0.010871,-0.027268,-0.0070642,0.0028115,-0.015132,-0.0033686,0.3158
0.010871,-0.027269,-0.0070645,0.011183,-0.049079,-0.013168,0.30876
0.010871,-0.027268,-0.0070641,0.0028115,-0.015132,-0.0033686,0.3158
0.010728,-0.027339,-0.0066231,0.0061322,-0.039095,-0.0032053,0.31447
0.0096378,-0.028213,-0.0064292,0.01511,-0.0052509,0.00039618,0.31952
0.0099665,-0.028126,-0.0081409,0.043756,-0.02773,-0.0036341,0.30433
0.0099319,-0.028142,-0.0080235,0.13479,-0.10012,-0.013048,0.3054
0.0099117,-0.028155,-0.0079868,0.18153,-0.15306,-0.018587,0.30646
0.010504,-0.027677,-0.0080708,0.14394,-0.17662,-0.0057294,0.29283
0.01057,-0.027617,-0.0080136,0.18485,-0.23543,-0.010326,0.29025
0.010576,-0.027608,-0.0079744,0.21407,-0.28299,-0.014184,0.29056
0.0096992,-0.028218,-0.0069486,0.16202,-0.15813,0.0014679,0.32009
0.0096967,-0.028229,-0.0070268,0.18056,-0.18503,-0.0029018,0.31998
0.0097874,-0.028141,-0.0068993,0.21518,-0.2071,-0.0057349,0.3162
0.0098791,-0.028013,-0.0064117,0.13349,-0.10611,-0.0047643,0.31167
0.0098677,-0.028022,-0.0064112,0.11783,-0.074664,0.0013231,0.31263
0.009935,-0.027961,-0.006351,0.11605,-0.09821,-0.0080004,0.31114
0.009934,-0.027964,-0.006373,0.14791,-0.13811,-0.009303,0.31157
0.01063,-0.027585,-0.0081681,0.020853,-0.023571,0.001074,0.29046
0.010658,-0.02756,-0.0081565,0.019712,-0.022,0.0010085,0.2901
0.010694,-0.027529,-0.0081452,0.035656,-0.041633,0.0012685,0.28762
0.010711,-0.027517,-0.0081534,0.011904,-0.012055,-0.00022241,0.28361
0.010708,-0.027518,-0.0081501,0.011904,-0.012055,-0.00022241,0.28361
0.010663,-0.027556,-0.0081553,0.019712,-0.022,0.0010085,0.2901
0.0095695,-0.028411,-0.0077558,0.076486,-0.050895,-0.021566,0.31928
0.009736,-0.028282,-0.0078237,0.1573,-0.11443,-0.033831,0.31345
0.0097414,-0.028277,-0.0078237,0.19074,-0.17377,-0.025455,0.31207
0.0096745,-0.028325,-0.0077578,0.14188,-0.10866,-0.033345,0.31595
0.01086,-0.027352,-0.007757,0.095776,-0.13725,-0.007199,0.28101
0.010825,-0.027367,-0.0076285,0.13166,-0.20069,-0.029601,0.28802
0.010786,-0.027372,-0.0073788,0.13369,-0.24933,-0.04874,0.28923
0.010839,-0.027315,-0.0072518,0.069993,-0.15838,-0.033316,0.29693
0.010772,-0.027363,-0.007187,0.12061,-0.2439,-0.048415,0.30142
0.010763,-0.027364,-0.0071318,0.17021,-0.29839,-0.051571,0.30033
0.010759,-0.027365,-0.007108,0.1502,-0.27468,-0.046244,0.30235
0.010701,-0.027374,-0.0067457,0.082611,-0.18822,-0.016811,0.30625
0.010639,-0.027418,-0.0066822,0.10819,-0.20561,-0.013642,0.30472
0.010617,-0.027436,-0.0066775,0.12302,-0.22235,-0.015701,0.31034
0.010701,-0.027374,-0.0067457,0.036864,-0.11385,-0.015775,0.31247
0.01075,-0.027327,-0.0066885,0.010577,-0.05245,-0.0057118,0.31364
0.01072,-0.027343,-0.006603,0.051626,-0.11662,-0.0060564,0.29863
0.010721,-0.027342,-0.0066045,0.014125,-0.048418,-0.003399,0.30397
0.010728,-0.027341,-0.0066447,0.0061322,-0.039095,-0.0032053,0.31447
0.010502,-0.027691,-0.008177,0.042318,-0.04434,-5.6614e-07,0.29367
0.0095769,-0.028429,-0.0079766,0.012531,-0.0024381,-0.0013422,0.31881
0.0096174,-0.0284,-0.0080237,0.031488,-0.0090057,-0.0044288,0.31613
0.0096064,-0.028408,-0.0080109,0.027527,-0.0074619,-0.0053716,0.31811
0.0095526,-0.028439,-0.0078844,0.026145,-0.0082704,-0.0043041,0.31893
0.0095318,-0.028458,-0.0079043,0.01589,-0.0046049,-0.0027391,0.31938
0.00973,-0.028315,-0.0080931,0.028206,-0.01093,-0.0020814,0.31125
0.0097765,-0.028277,-0.0080871,0.046371,-0.02154,-0.0023624,0.31136
0.0097472,-0.028302,-0.0080959,0.011805,-0.004759,-0.00036725,0.31096
0.0096769,-0.028351,-0.0080199,0.060232,-0.023117,-0.0095379,0.31422
0.0098043,-0.028246,-0.0080187,0.11523,-0.079049,-0.011182,0.3108
0.0098038,-0.028246,-0.0080076,0.15386,-0.12005,-0.018008,0.31124
0.0097355,-0.028296,-0.0079493,0.11779,-0.060547,-0.019254,0.31202
0.0097622,-0.028274,-0.007951,0.14545,-0.098348,-0.020672,0.31117
0.010572,-0.027616,-0.0080137,0.18911,-0.24719,-0.011116,0.29029
0.010578,-0.027606,-0.0079755,0.21407,-0.28299,-0.014184,0.29056
0.010636,-0.02757,-0.0080804,0.098556,-0.12615,0.0010905,0.29035
0.010874,-0.027313,-0.0075024,0.043461,-0.074127,-0.012593,0.29027
0.010833,-0.027347,-0.0075029,0.078007,-0.13549,-0.021904,0.29374
0.010839,-0.027283,-0.0069501,0.0070338,-0.032904,-0.0073012,0.30504
0.010769,-0.027352,-0.0070585,0.10155,-0.22091,-0.042868,0.30451
0.010838,-0.027287,-0.0069872,0.023183,-0.085198,-0.019552,0.30595
0.010847,-0.027279,-0.0069771,0.0070338,-0.032904,-0.0073012,0.30504
0.0096777,-0.028186,-0.0064829,0.046055,-0.020257,0.0060507,0.31827
0.0098016,-0.028069,-0.0063389,0.059366,-0.030406,0.00019231,0.31501
0.0097085,-0.028145,-0.0063388,0.034209,-0.015004,0.00077661,0.31725
0.0097496,-0.028107,-0.0062923,0.032869,-0.014555,0.00045616,0.31608
0.0098769,-0.028002,-0.0062902,0.036983,-0.021529,-0.0034218,0.31217
0.0098736,-0.028005,-0.0062899,0.03514,-0.016829,-0.0012965,0.3127
0.010635,-0.027394,-0.0064263,0.022088,-0.05421,-0.0036522,0.30356
0.010642,-0.027402,-0.0065558,0.063893,-0.1404,-0.0039462,0.30097
0.010669,-0.027374,-0.0064961,0.016224,-0.044206,-0.0036785,0.30707
0.010647,-0.027391,-0.0064858,0.017825,-0.046408,-0.0043657,0.30154
0.010578,-0.027433,-0.0063486,0.01672,-0.037521,-0.0011406,0.30555
0.01056,-0.027447,-0.0063462,0.0096953,-0.01853,-0.00070157,0.30515
0.010694,-0.027354,-0.0065002,0.0091426,-0.033187,-0.0022555,0.31337
0.010121,-0.027973,-0.0078919,0.23829,-0.27555,-0.015068,0.30237
0.010121,-0.027976,-0.0079203,0.20496,-0.23378,-0.013013,0.3025
0.01011,-0.027983,-0.0079068,0.19466,-0.21737,-0.013666,0.30445
0.010144,-0.027958,-0.0079231,0.21183,-0.24471,-0.012578,0.30119
0.010704,-0.027494,-0.0078896,0.22541,-0.29478,-0.015949,0.2834
0.010667,-0.027522,-0.0078648,0.25827,-0.33581,-0.026004,0.28254
0.010666,-0.027528,-0.0079193,0.20351,-0.26743,-0.0092452,0.28397
0.01059,-0.027581,-0.0078343,0.27439,-0.35033,-0.023687,0.28952
0.01064,-0.02752,-0.007646,0.3155,-0.39081,-0.03064,0.28497
0.010407,-0.027747,-0.0079779,0.22542,-0.28214,-0.014305,0.29417
0.010396,-0.027747,-0.0078849,0.2566,-0.31566,-0.018103,0.29375
0.010574,-0.027609,-0.0079717,0.21407,-0.28299,-0.014184,0.29056
0.010476,-0.027685,-0.0079262,0.21101,-0.28139,-0.01385,0.2956
0.0097378,-0.028218,-0.0072459,0.22033,-0.23627,-0.01046,0.31823
0.0097376,-0.028229,-0.0073469,0.23755,-0.25743,-0.013308,0.31709
0.009808,-0.028161,-0.0072461,0.25144,-0.26568,-0.014866,0.31547
0.0096792,-0.028267,-0.007246,0.19998,-0.21504,-0.0071472,0.31985
0.0097377,-0.028213,-0.0071993,0.22124,-0.23243,-0.0098814,0.31774
0.0097943,-0.028178,-0.0073022,0.25809,-0.27812,-0.015759,0.3153
0.0097902,-0.02817,-0.0071932,0.24701,-0.25738,-0.014271,0.31559
0.0096112,-0.028349,-0.0074989,0.12181,-0.10989,-0.01748,0.32126
0.0098048,-0.028197,-0.0075623,0.25741,-0.28343,-0.01798,0.31384
0.0094681,-0.028424,-0.0071017,0.053573,-0.039366,0.0023254,0.32358
0.009613,-0.028293,-0.006989,0.084454,-0.05639,0.0031233,0.32166
0.0096321,-0.028278,-0.0069891,0.14607,-0.13513,0.00039553,0.3204
0.010251,-0.027797,-0.0072472,0.38644,-0.45623,-0.033043,0.29819
0.010173,-0.027868,-0.0073117,0.38063,-0.45315,-0.031225,0.30307
0.010642,-0.02749,-0.0073785,0.22172,-0.33234,-0.049963,0.29837
0.010642,-0.02749,-0.0073764,0.2203,-0.33092,-0.048646,0.30034
0.010642,-0.02749,-0.0073775,0.24629,-0.34747,-0.044453,0.30148
0.010644,-0.027488,-0.0073758,0.18466,-0.3093,-0.053662,0.29729
0.010642,-0.02749,-0.0073781,0.24852,-0.34961,-0.043605,0.30059
0.010644,-0.027489,-0.0073792,0.19492,-0.31506,-0.05632,0.29616
0.010642,-0.02749,-0.0073769,0.24406,-0.34533,-0.045302,0.30237
0.0098662,-0.028073,-0.0068765,0.24033,-0.23228,-0.0092568,0.31308
0.0098664,-0.028072,-0.0068633,0.23926,-0.2299,-0.0087289,0.31273
0.0098803,-0.028062,-0.0068777,0.26548,-0.25747,-0.012779,0.30996
0.0098805,-0.028058,-0.0068442,0.2432,-0.22548,-0.0073479,0.31053
0.009834,-0.028101,-0.0068877,0.21518,-0.2071,-0.0057349,0.3162
0.0098663,-0.028045,-0.0066089,0.18264,-0.15769,8.7153e-05,0.31351
0.0098989,-0.028018,-0.0066088,0.21874,-0.21721,-0.012967,0.31156
0.010121,-0.027863,-0.0068646,0.34526,-0.37543,-0.029063,0.30333
0.010637,-0.027439,-0.0068688,0.1636,-0.27479,-0.036775,0.30404
0.010624,-0.027452,-0.0068857,0.19069,-0.2918,-0.039569,0.30787
0.010623,-0.027449,-0.0068502,0.15859,-0.25961,-0.033135,0.30962
0.010123,-0.027825,-0.006518,0.25264,-0.26722,-0.022021,0.30321
0.010086,-0.027845,-0.0064362,0.17302,-0.16644,-0.011204,0.30661
0.010087,-0.027854,-0.0065173,0.23902,-0.25048,-0.019607,0.30648
0.010143,-0.027802,-0.0064596,0.19223,-0.19067,-0.013625,0.30148
0.010142,-0.027807,-0.0065028,0.26172,-0.27838,-0.02363,0.30103
0.010045,-0.027874,-0.0063905,0.17302,-0.16644,-0.011204,0.30661
0.010192,-0.027751,-0.0063621,0.15283,-0.17085,-0.010175,0.30381
0.010252,-0.027702,-0.0063652,0.1418,-0.1785,-0.0088823,0.30413
0.010235,-0.027717,-0.0063741,0.18171,-0.22979,-0.014236,0.30654
0.010311,-0.027657,-0.0063998,0.17733,-0.23563,-0.011624,0.30261
0.010126,-0.027793,-0.0062467,0.041541,-0.034984,-0.002221,0.30472
0.010179,-0.02775,-0.0062517,0.040236,-0.038168,-0.0024855,0.30547
0.0099313,-0.028141,-0.0080079,0.18153,-0.15306,-0.018587,0.30646
0.010118,-0.028003,-0.0081524,0.054326,-0.040486,-0.0043134,0.30053
0.010119,-0.028001,-0.0081408,0.05315,-0.042015,-0.0046829,0.30108
0.010121,-0.028001,-0.0081526,0.056108,-0.048532,-0.0053502,0.30033
0.0098653,-0.028174,-0.0078072,0.2166,-0.2216,-0.01983,0.30988
0.009865,-0.028163,-0.0077056,0.25944,-0.2842,-0.01957,0.31021
0.0098177,-0.028213,-0.0078069,0.20289,-0.20412,-0.0194,0.31191
0.0098123,-0.028206,-0.0077048,0.24079,-0.26172,-0.019029,0.313
0.0098105,-0.028227,-0.0078887,0.18328,-0.17049,-0.018843,0.31164
0.0099215,-0.028144,-0.0079617,0.18153,-0.15306,-0.018587,0.30646
0.0099112,-0.02814,-0.007843,0.23717,-0.24781,-0.020475,0.30683
0.0097531,-0.028247,-0.0076286,0.24744,-0.2704,-0.018609,0.31333
0.0097146,-0.028278,-0.0076281,0.18649,-0.19162,-0.024196,0.31768
0.0097294,-0.028265,-0.0076189,0.21216,-0.238,-0.018935,0.31859
0.0097305,-0.028266,-0.0076368,0.19107,-0.20905,-0.021456,0.31723
0.0097886,-0.028212,-0.0075785,0.25741,-0.28343,-0.01798,0.31384
0.0097684,-0.028237,-0.0076592,0.24079,-0.26172,-0.019029,0.313
0.0098662,-0.02815,-0.0075951,0.28103,-0.31045,-0.020113,0.31105
0.0098945,-0.028131,-0.0076298,0.29136,-0.32208,-0.021179,0.30784
0.0099037,-0.028119,-0.0075915,0.30464,-0.33748,-0.022246,0.30827
0.0099056,-0.028126,-0.0076716,0.27808,-0.30667,-0.020112,0.30742
0.010848,-0.027375,-0.0078885,0.056176,-0.075855,0.0003361,0.28136
0.01064,-0.027519,-0.0076305,0.32259,-0.39908,-0.031097,0.28441
0.010675,-0.02749,-0.0076302,0.27688,-0.36321,-0.039189,0.28422
0.01064,-0.027517,-0.0076169,0.32852,-0.40615,-0.031959,0.28268
0.010655,-0.027508,-0.0076423,0.30378,-0.37778,-0.031809,0.28086
0.010618,-0.027534,-0.0076058,0.34363,-0.42333,-0.029962,0.2872
0.010611,-0.027546,-0.0076622,0.32722,-0.40384,-0.029472,0.28907
0.010654,-0.027506,-0.0076188,0.31341,-0.38897,-0.033957,0.27817
0.010641,-0.027462,-0.0071072,0.18226,-0.29558,-0.045124,0.30445
0.010664,-0.027446,-0.0071407,0.17021,-0.29839,-0.051571,0.30033
0.010633,-0.027469,-0.0071107,0.21433,-0.31648,-0.044005,0.30656
0.010633,-0.027471,-0.007131,0.23575,-0.33631,-0.043305,0.30458
0.010668,-0.027438,-0.0070946,0.1502,-0.27468,-0.046244,0.30235
0.010768,-0.027367,-0.007187,0.17021,-0.29839,-0.051571,0.30033
0.010753,-0.027364,-0.0070557,0.1502,-0.27468,-0.046244,0.30235
0.010122,-0.027835,-0.0066101,0.27093,-0.2868,-0.022973,0.30435
0.010764,-0.027335,-0.0068711,0.035476,-0.10932,-0.021906,0.30962
0.010786,-0.027315,-0.0068446,0.0077747,-0.047146,-0.0092807,0.31152
0.010701,-0.027374,-0.0067491,0.078585,-0.18104,-0.017369,0.30404
0.010736,-0.027337,-0.0066673,0.0061322,-0.039095,-0.0032053,0.31447
0.0099321,-0.027969,-0.0064068,0.14791,-0.13811,-0.009303,0.31157
0.010411,-0.027747,-0.0080069,0.20501,-0.25684,-0.012553,0.29472
0.010376,-0.027776,-0.0080065,0.20002,-0.23166,-0.011613,0.29502
0.010376,-0.027774,-0.007994,0.23457,-0.27455,-0.014041,0.29509
0.010386,-0.027767,-0.008001,0.23983,-0.28288,-0.014759,0.29273
0.010354,-0.027793,-0.0079941,0.23106,-0.26901,-0.013563,0.29667
0.0095415,-0.028452,-0.0079217,0.01589,-0.0046049,-0.0027391,0.31938
0.0097402,-0.028175,-0.0068619,0.1862,-0.17477,-0.0019392,0.3177
0.0096973,-0.028214,-0.0068931,0.16202,-0.15813,0.0014679,0.32009
0.0095989,-0.028278,-0.0067348,0.0354,-0.018922,0.0044115,0.32221
0.0096151,-0.028265,-0.0067383,0.079153,-0.052985,0.0087746,0.32101
0.010383,-0.027615,-0.0065547,0.25498,-0.31518,-0.020497,0.29895
0.010383,-0.027621,-0.0066137,0.27615,-0.33419,-0.021609,0.2994
0.010431,-0.027575,-0.0065559,0.24379,-0.30946,-0.020419,0.2964
0.010338,-0.027637,-0.0064209,0.17733,-0.23563,-0.011624,0.30261
0.010337,-0.02765,-0.006532,0.26617,-0.32089,-0.020575,0.30149
0.0099367,-0.027953,-0.0062912,0.055109,-0.036697,-0.0054993,0.31149
0.010383,-0.027594,-0.0063643,0.11727,-0.16802,-0.0087133,0.30298
0.010557,-0.027449,-0.0063459,0.0096953,-0.01853,-0.00070157,0.30515
0.0095794,-0.028426,-0.0079706,0.012531,-0.0024381,-0.0013422,0.31881
0.010802,-0.027431,-0.0080517,0.032033,-0.044024,0.0027192,0.29028
0.010861,-0.027342,-0.0076721,0.027906,-0.039037,-0.0049656,0.28786
0.010829,-0.027363,-0.0076312,0.027906,-0.039037,-0.0049656,0.28786
0.010868,-0.027324,-0.0075622,0.0433,-0.067539,-0.011236,0.28921
0.010881,-0.0273,-0.007442,0.042296,-0.078627,-0.012683,0.29077
0.010867,-0.027308,-0.0074087,0.041956,-0.079756,-0.012722,0.29085
0.01072,-0.027343,-0.0066023,0.01453,-0.042001,-0.001908,0.29787
0.010657,-0.027379,-0.0064538,0.012788,-0.035043,-0.0031427,0.30622
0.010686,-0.027359,-0.0064932,0.0052343,-0.017994,-0.0013083,0.31323
0.0096824,-0.02817,-0.0063688,0.015562,-0.0054671,-2.8882e-05,0.31844
0.0096586,-0.028194,-0.0064068,0.0098729,-0.00302,-0.00016003,0.31987
0.01062,-0.027405,-0.0064147,0.016859,-0.042751,-0.0028167,0.3055
0.010639,-0.027392,-0.0064347,0.017825,-0.046408,-0.0043657,0.30154
0.010592,-0.027425,-0.0063844,0.016859,-0.042751,-0.0028167,0.3055
0.010059,-0.028045,-0.0080933,0.074288,-0.055919,-0.005644,0.30206
0.010377,-0.027762,-0.0078848,0.25279,-0.29655,-0.015641,0.29462
0.010383,-0.027758,-0.0078922,0.23983,-0.28288,-0.014759,0.29273
0.010363,-0.027776,-0.0079042,0.23106,-0.26901,-0.013563,0.29667
0.009675,-0.028284,-0.0073729,0.21031,-0.23302,-0.012074,0.31952
0.0096114,-0.028336,-0.0073729,0.11852,-0.1059,-0.0095462,0.32179
0.0096707,-0.028287,-0.0073728,0.18341,-0.19253,-0.010355,0.32026
0.0098661,-0.028127,-0.0073739,0.28525,-0.31005,-0.019225,0.31198
0.0096131,-0.028307,-0.0071185,0.10037,-0.079264,0.001459,0.32171
0.0096439,-0.028282,-0.0071182,0.16538,-0.16334,-0.0023487,0.32034
0.009865,-0.0281,-0.0071179,0.26141,-0.26864,-0.0148,0.31305
0.010063,-0.02785,-0.0062935,0.081745,-0.071443,-0.0060676,0.30758
0.010029,-0.027877,-0.0062922,0.05795,-0.043997,-0.0043783,0.30789
0.010188,-0.027748,-0.0063006,0.082128,-0.094692,-0.0038789,0.30537
0.0096747,-0.028318,-0.0076927,0.14349,-0.12005,-0.031676,0.31775
0.009549,-0.028407,-0.0075619,0.099654,-0.088764,-0.020117,0.32142
0.0095464,-0.028409,-0.0075618,0.062323,-0.049494,-0.013813,0.32198
0.0095494,-0.02841,-0.00759,0.0649,-0.049845,-0.016011,0.32126
0.0095506,-0.02842,-0.0076905,0.045433,-0.023901,-0.013876,0.32022
0.0095604,-0.028412,-0.0076907,0.078432,-0.056947,-0.020838,0.31997
0.0096746,-0.028304,-0.0075629,0.15141,-0.13686,-0.024564,0.31946
0.010842,-0.027373,-0.0078218,0.09119,-0.13126,-0.0041256,0.2829
0.010856,-0.027362,-0.0078205,0.068032,-0.09229,-0.0018573,0.28058
0.01085,-0.027368,-0.0078297,0.058644,-0.079927,-1.2005e-05,0.28099
0.01084,-0.02739,-0.0079558,0.044963,-0.057649,0.0013091,0.28304
0.010822,-0.027404,-0.0079576,0.070826,-0.1024,-0.00012889,0.28693
0.009487,-0.02839,-0.0069261,0.021466,-0.011852,0.0010068,0.32321
0.010703,-0.027379,-0.0068069,0.096882,-0.21587,-0.02136,0.29762
0.010713,-0.027371,-0.0068049,0.047407,-0.14002,-0.016768,0.30532
0.010833,-0.027286,-0.006935,0.019984,-0.076256,-0.016949,0.30635
0.010185,-0.027941,-0.0080829,0.10688,-0.10472,-0.0071021,0.3005
0.010264,-0.027875,-0.0080707,0.13788,-0.14296,-0.0073443,0.29746
0.010312,-0.027834,-0.0080666,0.13,-0.1405,-0.007459,0.2971
0.01044,-0.02773,-0.008068,0.12261,-0.15027,-0.0057063,0.29541
0.010279,-0.027872,-0.0081636,0.036304,-0.030405,-0.0022436,0.29684
0.010315,-0.027843,-0.0081666,0.038183,-0.035787,-0.0024377,0.29647
0.010438,-0.027743,-0.0081769,0.039745,-0.043666,-0.00058854,0.29562
0.0094673,-0.028461,-0.0074359,0.017621,-0.0091174,-0.0028256,0.32462
0.0094633,-0.028451,-0.0073111,0.016263,-0.0084062,-0.00063845,0.32468
0.0094698,-0.028418,-0.0070554,0.030261,-0.021828,0.0033409,0.32316
0.0094605,-0.02844,-0.007188,0.010469,-0.0053332,0.00035012,0.32454
0.0095501,-0.028338,-0.0069253,0.044913,-0.026159,0.0038465,0.32233
0.009528,-0.028344,-0.0068107,0.014307,-0.0064927,0.00069586,0.32333
0.0095559,-0.028321,-0.0068047,0.026142,-0.012436,0.0006202,0.32256
0.0095402,-0.028332,-0.0067892,0.011262,-0.0049237,0.00072518,0.32346
0.009677,-0.028193,-0.006546,0.061077,-0.029737,0.0090976,0.31833
0.0097298,-0.02815,-0.0065455,0.083896,-0.054094,0.0092171,0.31782
0.0096787,-0.028206,-0.0066754,0.084217,-0.048373,0.011136,0.31952
0.0098018,-0.028091,-0.0065436,0.14032,-0.10984,0.0060655,0.31562
0.010452,-0.027531,-0.0063042,0.048398,-0.080356,-0.0053794,0.30153
0.010315,-0.027644,-0.0063061,0.075833,-0.091992,-0.0037811,0.3017
0.010361,-0.027605,-0.0062949,0.037872,-0.051028,-0.0019884,0.30201
0.010059,-0.028039,-0.008027,0.15628,-0.13407,-0.013372,0.30225
0.010058,-0.028038,-0.0080151,0.20183,-0.18444,-0.018693,0.30179
0.010116,-0.02793,-0.0074597,0.38063,-0.45315,-0.031225,0.30307
0.010116,-0.027939,-0.0075414,0.35508,-0.41751,-0.024678,0.30247
0.0099923,-0.028023,-0.0073744,0.32406,-0.35387,-0.022937,0.30618
0.010004,-0.028014,-0.0073745,0.35535,-0.40284,-0.026853,0.303
0.0099873,-0.028028,-0.0073795,0.31181,-0.34175,-0.022158,0.30876
0.0099953,-0.028021,-0.0073778,0.34094,-0.37619,-0.024024,0.30295
0.0099879,-0.028026,-0.0073699,0.30826,-0.33116,-0.021265,0.30906
0.0099949,-0.028021,-0.0073712,0.33907,-0.36736,-0.024537,0.30298
0.0099657,-0.028018,-0.0071186,0.30624,-0.32762,-0.020854,0.30999
0.0099922,-0.027996,-0.0071187,0.35135,-0.39646,-0.02862,0.30751
0.010768,-0.027434,-0.0078225,0.15575,-0.23082,-0.018079,0.2877
0.010705,-0.027486,-0.007823,0.20898,-0.29058,-0.025285,0.28664
0.010185,-0.027934,-0.0080191,0.18674,-0.20874,-0.011942,0.30094
0.010185,-0.027932,-0.0079969,0.21183,-0.24471,-0.012578,0.30119
0.010249,-0.027887,-0.0080722,0.11636,-0.1127,-0.0060236,0.29799
0.010256,-0.027875,-0.0080115,0.20132,-0.22814,-0.011564,0.29705
0.010255,-0.027875,-0.0080076,0.23106,-0.26901,-0.013563,0.29667
0.010378,-0.027747,-0.0077597,0.32487,-0.38436,-0.023758,0.2945
0.0095398,-0.028408,-0.0074986,0.061988,-0.049328,-0.010742,0.32242
0.0094707,-0.028472,-0.0075637,0.020168,-0.010606,-0.0066222,0.32357
0.0094915,-0.028454,-0.007562,0.028961,-0.016755,-0.0086785,0.32257
0.0094704,-0.02847,-0.0075448,0.018817,-0.0099889,-0.0056639,0.32393
0.0094776,-0.028464,-0.0075484,0.018817,-0.0099889,-0.0056639,0.32393
0.0094926,-0.02844,-0.0074362,0.028541,-0.016585,-0.0047825,0.32345
0.0097376,-0.028232,-0.0073731,0.23977,-0.26302,-0.014877,0.31689
0.009799,-0.028188,-0.0074338,0.26285,-0.28918,-0.017719,0.31481
0.0097947,-0.028179,-0.0073169,0.25809,-0.27812,-0.015759,0.3153
0.010249,-0.02784,-0.0076318,0.35904,-0.42503,-0.027251,0.29938
0.010186,-0.027892,-0.0076369,0.35508,-0.41751,-0.024678,0.30247
0.01039,-0.027724,-0.0076304,0.36496,-0.43633,-0.03111,0.29475
0.01039,-0.027698,-0.0073918,0.38998,-0.46895,-0.037448,0.29282
0.009475,-0.028407,-0.0069927,0.026362,-0.016697,0.0020558,0.32312
0.010251,-0.027783,-0.0071203,0.39011,-0.44429,-0.031459,0.29639
0.010048,-0.027903,-0.0066709,0.29039,-0.30809,-0.024048,0.3062
0.010381,-0.027663,-0.0069937,0.34537,-0.43024,-0.033033,0.29474
0.0097395,-0.028142,-0.0065452,0.11653,-0.090138,0.008704,0.31754
0.01003,-0.027871,-0.006245,0.037555,-0.026502,-0.0025515,0.30792
0.010259,-0.027889,-0.008162,0.027908,-0.022819,-0.00080725,0.29848
0.010762,-0.027454,-0.0079593,0.10028,-0.1482,-0.0053035,0.29047
0.010727,-0.027482,-0.0079576,0.16406,-0.22662,-0.010074,0.28766
0.0094736,-0.028483,-0.0076901,0.027031,-0.014723,-0.0097697,0.32131
0.0094929,-0.028467,-0.0076898,0.031519,-0.017234,-0.010608,0.32094
0.010366,-0.027747,-0.0076634,0.36496,-0.43633,-0.03111,0.29475
0.010382,-0.02769,-0.0072481,0.37801,-0.46199,-0.037944,0.29348
0.01039,-0.027693,-0.0073402,0.38998,-0.46895,-0.037448,0.29282
0.010382,-0.027731,-0.0076422,0.36496,-0.43633,-0.03111,0.29475
0.010391,-0.027579,-0.0062834,0.017845,-0.025825,-0.00064266,0.30287
0.010059,-0.028051,-0.0081484,0.047962,-0.033142,-0.0035107,0.30261
0.01044,-0.027723,-0.0080075,0.1801,-0.23399,-0.011215,0.29541
0.010441,-0.027722,-0.0080002,0.21101,-0.28139,-0.01385,0.2956
0.0097381,-0.028204,-0.0071176,0.21692,-0.22441,-0.0088375,0.31762
0.0097865,-0.028159,-0.0070688,0.23251,-0.23463,-0.010707,0.3158
0.0097895,-0.028168,-0.0071698,0.24701,-0.25738,-0.014271,0.31559
0.0098655,-0.028038,-0.0065433,0.1675,-0.13483,0.0017552,0.31296
0.0098898,-0.028018,-0.0065433,0.19007,-0.17654,-0.0084008,0.31186
0.010035,-0.027879,-0.006354,0.1235,-0.10814,-0.0090894,0.30743
0.010022,-0.027891,-0.0063718,0.17302,-0.16644,-0.011204,0.30661
0.0098009,-0.028226,-0.0077972,0.20289,-0.20412,-0.0194,0.31191
0.0098015,-0.028216,-0.007712,0.24079,-0.26172,-0.019029,0.313
0.0097221,-0.028279,-0.0076931,0.17795,-0.17831,-0.026449,0.31687
0.0097321,-0.028271,-0.0076933,0.19107,-0.20905,-0.021456,0.31723
0.0097615,-0.028247,-0.0076936,0.24079,-0.26172,-0.019029,0.313
0.010849,-0.027373,-0.0078789,0.058644,-0.079927,-1.2005e-05,0.28099
0.010701,-0.027387,-0.0068698,0.12261,-0.24992,-0.033795,0.29659
0.010717,-0.027375,-0.0068703,0.071639,-0.18392,-0.027468,0.30319
0.010637,-0.027433,-0.0068066,0.1461,-0.25526,-0.03121,0.30495
0.010621,-0.027446,-0.0068063,0.15859,-0.25961,-0.033135,0.30962
0.010782,-0.027313,-0.0067913,0.025225,-0.087738,-0.015037,0.31152
0.010795,-0.027306,-0.0068297,0.0077747,-0.047146,-0.0092807,0.31152
0.010787,-0.027314,-0.0068377,0.0077747,-0.047146,-0.0092807,0.31152
0.010766,-0.02734,-0.0069332,0.055315,-0.15006,-0.035702,0.30815
0.01045,-0.02754,-0.0063656,0.090916,-0.14501,-0.011288,0.30147
0.010439,-0.027737,-0.0081281,0.061648,-0.071173,-0.0017059,0.29557
0.0094933,-0.028426,-0.007311,0.029108,-0.016771,-0.0016098,0.32352
0.0094922,-0.028414,-0.0071849,0.020235,-0.010772,-0.00016674,0.32385
0.0094692,-0.028429,-0.0071537,0.008657,-0.0044668,0.00042037,0.32456
0.0095189,-0.028398,-0.0072474,0.055526,-0.041691,-0.00085629,0.32308
0.0097594,-0.028146,-0.0067378,0.16112,-0.13599,0.0033803,0.31711
0.0096053,-0.028253,-0.0065524,0.034021,-0.015618,0.0072853,0.3201
0.0096171,-0.028243,-0.0065509,0.043313,-0.020206,0.0079793,0.31967
0.0098327,-0.028217,-0.0079618,0.15386,-0.12005,-0.018008,0.31124
0.0098004,-0.028239,-0.0079145,0.15386,-0.12005,-0.018008,0.31124
0.0098001,-0.028233,-0.0078567,0.20289,-0.20412,-0.0194,0.31191
0.0096123,-0.028369,-0.0076917,0.11361,-0.094107,-0.027978,0.31949
0.0097079,-0.028246,-0.0072759,0.20674,-0.22639,-0.0096311,0.31978
0.0097049,-0.028242,-0.0072126,0.19548,-0.20748,-0.0054913,0.31989
0.010062,-0.027857,-0.0063549,0.14958,-0.14146,-0.010103,0.30694
0.01006,-0.027862,-0.0063875,0.17302,-0.16644,-0.011204,0.30661
0.010188,-0.027754,-0.0063619,0.15185,-0.14827,-0.011465,0.30235
0.010188,-0.027751,-0.0063327,0.10838,-0.11155,-0.0077375,0.30418
0.010188,-0.027754,-0.0063628,0.19223,-0.19067,-0.013625,0.30148
0.010125,-0.027799,-0.0062956,0.079974,-0.072793,-0.0061904,0.305
0.010184,-0.027751,-0.0063003,0.062449,-0.062353,-0.0044868,0.30544
0.0096114,-0.028356,-0.0075625,0.12209,-0.10952,-0.021916,0.32084
0.0095533,-0.028411,-0.0076259,0.084573,-0.067442,-0.019957,0.32057
0.0096747,-0.028311,-0.0076275,0.15303,-0.13452,-0.02952,0.31809
0.0098049,-0.028197,-0.0075646,0.25741,-0.28343,-0.01798,0.31384
0.0098117,-0.028206,-0.0076939,0.24079,-0.26172,-0.019029,0.313
0.0098025,-0.0282,-0.0075691,0.25741,-0.28343,-0.01798,0.31384
0.009802,-0.028212,-0.0076787,0.24079,-0.26172,-0.019029,0.313
0.010811,-0.027297,-0.0068779,0.011208,-0.05673,-0.01167,0.31066
0.010791,-0.027311,-0.0068483,0.0077747,-0.047146,-0.0092807,0.31152
0.010376,-0.027794,-0.0081717,0.040619,-0.039288,-0.002301,0.29489
0.01043,-0.027749,-0.0081761,0.040132,-0.041843,-0.0017119,0.29515
0.010313,-0.02784,-0.0081235,0.070449,-0.070258,-0.0042403,0.29679
0.010376,-0.027782,-0.008066,0.1277,-0.13928,-0.0073844,0.29512
0.010418,-0.027748,-0.0080672,0.14332,-0.1699,-0.0075243,0.29534
0.0096116,-0.028287,-0.0069231,0.070436,-0.041056,0.003994,0.32158
0.0096237,-0.028278,-0.0069242,0.1212,-0.10149,0.0026351,0.3207
0.009552,-0.02833,-0.0068634,0.036001,-0.019252,0.0018037,0.32243
0.0096777,-0.028227,-0.0068617,0.14078,-0.12619,0.00311,0.32001
0.0096735,-0.028232,-0.0068836,0.16202,-0.15813,0.0014679,0.32009
0.0096142,-0.028272,-0.0068011,0.053546,-0.033526,0.0039726,0.32175
0.0096157,-0.028271,-0.0068011,0.097965,-0.075862,0.0056752,0.32096
0.009573,-0.028292,-0.0066698,0.031169,-0.015875,0.0053003,0.32203
0.009603,-0.028267,-0.0066634,0.064585,-0.036215,0.010289,0.32078
0.0096779,-0.028199,-0.0066064,0.074837,-0.039454,0.011102,0.31872
0.010316,-0.027649,-0.0063665,0.15086,-0.19701,-0.0092698,0.30226
0.01033,-0.027642,-0.0064057,0.17733,-0.23563,-0.011624,0.30261
0.010348,-0.027623,-0.0063655,0.11203,-0.15129,-0.0061167,0.30208
0.010352,-0.027623,-0.0063941,0.17733,-0.23563,-0.011624,0.30261
0.010113,-0.028001,-0.0080912,0.098394,-0.083815,-0.0090789,0.30222
0.010122,-0.027993,-0.0080908,0.076717,-0.070999,-0.0074688,0.30168
0.0095488,-0.028401,-0.0074987,0.093065,-0.082794,-0.015609,0.32219
0.0098656,-0.028114,-0.0072462,0.28053,-0.29785,-0.01787,0.31208
0.0098929,-0.028094,-0.0072739,0.30826,-0.33116,-0.021265,0.30906
0.0098157,-0.02816,-0.0072959,0.25809,-0.27812,-0.015759,0.3153
0.0098908,-0.02809,-0.0072205,0.29759,-0.31125,-0.018987,0.30954
0.0098211,-0.028145,-0.0072016,0.24701,-0.25738,-0.014271,0.31559
0.010121,-0.027904,-0.0072469,0.38062,-0.44456,-0.030927,0.30222
0.010116,-0.027913,-0.0072921,0.38063,-0.45315,-0.031225,0.30307
0.0094735,-0.028415,-0.0070553,0.039903,-0.028107,0.0035581,0.32334
0.0095414,-0.028351,-0.0069812,0.055577,-0.034359,0.0046184,0.32254
0.0094871,-0.02839,-0.0069261,0.029282,-0.01672,0.0019527,0.32299
0.010833,-0.027388,-0.0078887,0.073548,-0.10476,-0.0010922,0.28342
0.010173,-0.027959,-0.0081558,0.050519,-0.045844,-0.0028198,0.30078
0.010271,-0.027875,-0.0081267,0.078927,-0.073607,-0.0040137,0.29704
0.010312,-0.027828,-0.0080073,0.19357,-0.22168,-0.011009,0.29717
0.010312,-0.027826,-0.0079851,0.23106,-0.26901,-0.013563,0.29667
0.0095498,-0.028413,-0.0076259,0.046929,-0.026925,-0.013362,0.32074
0.0095282,-0.028404,-0.0073732,0.059981,-0.047056,-0.0048646,0.32294
0.0096743,-0.028298,-0.0074989,0.15584,-0.14146,-0.019828,0.31949
0.0098025,-0.028199,-0.0075609,0.25741,-0.28343,-0.01798,0.31384
0.009704,-0.02828,-0.0075632,0.19337,-0.2018,-0.021231,0.31842
0.0097259,-0.028262,-0.0075635,0.21216,-0.238,-0.018935,0.31859
0.0097922,-0.028208,-0.0075644,0.25741,-0.28343,-0.01798,0.31384
0.0094871,-0.02839,-0.0069259,0.028589,-0.015297,0.0014745,0.32296
0.0095069,-0.028368,-0.0068684,0.026956,-0.013663,0.0010462,0.32287
0.0094699,-0.028424,-0.0071102,0.025611,-0.016979,0.00091261,0.32402
0.0094659,-0.028426,-0.0071024,0.021513,-0.015069,0.0020516,0.32392
0.0094675,-0.028427,-0.007122,0.008657,-0.0044668,0.00042037,0.32456
0.0095469,-0.028323,-0.0067577,0.011262,-0.0049237,0.00072518,0.32346
0.0095516,-0.028317,-0.0067382,0.017842,-0.0071432,0.00030187,0.32285
0.00956,-0.028307,-0.0067132,0.013632,-0.0047136,0.00058403,0.32304
0.0095631,-0.028305,-0.0067166,0.013632,-0.0047136,0.00058403,0.32304
0.0098027,-0.028097,-0.0066093,0.15933,-0.13555,0.0038672,0.31582
0.0097375,-0.028151,-0.0066091,0.098964,-0.070187,0.010046,0.31805
0.0097396,-0.02815,-0.0066203,0.11793,-0.085344,0.0093133,0.31784
0.010063,-0.027844,-0.0062466,0.039867,-0.031311,-0.0024028,0.30753
0.010251,-0.027696,-0.0063049,0.059888,-0.069682,-0.0028469,0.30384
0.010188,-0.027742,-0.0062526,0.038642,-0.04158,-0.0022285,0.30593
0.01031,-0.027643,-0.0062649,0.031641,-0.036441,-0.0022216,0.30195
0.0104,-0.027572,-0.0062861,0.044214,-0.070023,-0.0024375,0.30311
0.010329,-0.027628,-0.0062685,0.019986,-0.027053,-0.0011401,0.30238
0.010361,-0.027603,-0.0062792,0.017845,-0.025825,-0.00064266,0.30287
0.009741,-0.028168,-0.0068003,0.14554,-0.11767,0.0042352,0.31841
0.0096792,-0.028212,-0.006739,0.1061,-0.073886,0.0090457,0.31952
0.0097408,-0.028155,-0.0066743,0.11518,-0.074978,0.010381,0.31774
0.0096734,-0.028241,-0.0069644,0.16202,-0.15813,0.0014679,0.32009
0.0096745,-0.028246,-0.0070139,0.18056,-0.18503,-0.0029018,0.31998
0.0096983,-0.028216,-0.0069198,0.16202,-0.15813,0.0014679,0.32009
0.010293,-0.027837,-0.0079459,0.23106,-0.26901,-0.013563,0.29667
0.0098661,-0.02813,-0.0074019,0.28733,-0.31546,-0.019938,0.31178
0.0098321,-0.028155,-0.0073736,0.26047,-0.28365,-0.016739,0.31505
0.0098659,-0.028124,-0.0073473,0.27816,-0.29934,-0.017961,0.3128
0.0098888,-0.028108,-0.0073739,0.30968,-0.3354,-0.021622,0.30894
0.0098976,-0.028104,-0.0074059,0.31181,-0.34175,-0.022158,0.30876
0.0098079,-0.028181,-0.0074312,0.26285,-0.28918,-0.017719,0.31481
0.0098955,-0.028099,-0.0073441,0.30826,-0.33116,-0.021265,0.30906
0.0098142,-0.028164,-0.0073222,0.25809,-0.27812,-0.015759,0.3153
0.0097102,-0.028227,-0.0071176,0.18802,-0.19625,-0.0041966,0.31994
0.0098654,-0.028104,-0.0071604,0.26724,-0.27893,-0.016158,0.31317
0.009802,-0.028152,-0.0071178,0.24121,-0.24828,-0.012846,0.31567
0.0098814,-0.028087,-0.0071181,0.29029,-0.29977,-0.018135,0.30972
0.0098863,-0.028081,-0.0070965,0.283,-0.28829,-0.017283,0.30991
0.0098281,-0.028127,-0.0070804,0.23251,-0.23463,-0.010707,0.3158
0.009888,-0.028084,-0.0071413,0.29759,-0.31125,-0.018987,0.30954
0.0098235,-0.028139,-0.0071598,0.24701,-0.25738,-0.014271,0.31559
0.010117,-0.027949,-0.0076345,0.35508,-0.41751,-0.024678,0.30247
0.010379,-0.027747,-0.007756,0.36496,-0.43633,-0.03111,0.29475
0.01039,-0.027725,-0.0076418,0.36496,-0.43633,-0.03111,0.29475
0.010381,-0.02765,-0.0068668,0.3385,-0.41053,-0.02975,0.29662
0.010031,-0.02791,-0.0066084,0.2647,-0.27928,-0.021828,0.30634
0.010043,-0.027894,-0.006559,0.23902,-0.25048,-0.019607,0.30648
0.010047,-0.027902,-0.0066631,0.29039,-0.30809,-0.024048,0.3062
0.0097144,-0.028254,-0.0073961,0.21269,-0.23745,-0.013703,0.31934
0.0097117,-0.028251,-0.0073471,0.20674,-0.22639,-0.0096311,0.31978
0.0096124,-0.028321,-0.0072464,0.11031,-0.095053,-0.0022935,0.32196
0.0096566,-0.028285,-0.0072461,0.1721,-0.17439,-0.0052705,0.32048
0.0095335,-0.028407,-0.0074359,0.061182,-0.048481,-0.0077155,0.32276
0.0095238,-0.028401,-0.0073105,0.058375,-0.045212,-0.0025053,0.32306
0.0096981,-0.028233,-0.0070767,0.18056,-0.18503,-0.0029018,0.31998
0.0097018,-0.028238,-0.0071545,0.19548,-0.20748,-0.0054913,0.31989
0.0095112,-0.028398,-0.0071835,0.05274,-0.038167,8.3601e-05,0.32334
0.010121,-0.02789,-0.0071195,0.37447,-0.42362,-0.031834,0.30219
0.010381,-0.027677,-0.007121,0.35273,-0.44515,-0.037101,0.29481
0.0098007,-0.028243,-0.0079565,0.15386,-0.12005,-0.018008,0.31124
0.0098018,-0.028214,-0.0076938,0.24079,-0.26172,-0.019029,0.313
0.0098025,-0.028199,-0.0075646,0.25741,-0.28343,-0.01798,0.31384
0.010844,-0.027378,-0.0078768,0.058644,-0.079927,-1.2005e-05,0.28099
0.010724,-0.027375,-0.0069327,0.099193,-0.21788,-0.03798,0.30169
0.010837,-0.027284,-0.0069503,0.0070338,-0.032904,-0.0073012,0.30504
0.0095486,-0.028322,-0.0067603,0.011262,-0.0049237,0.00072518,0.32346
0.0096786,-0.028219,-0.0068007,0.11528,-0.089718,0.0062809,0.32001
0.0096732,-0.028237,-0.0069215,0.16202,-0.15813,0.0014679,0.32009
0.0095698,-0.028297,-0.0066938,0.013632,-0.0047136,0.00058403,0.32304
0.00975,-0.028147,-0.0066743,0.14917,-0.12102,0.0053499,0.31718
0.010387,-0.027583,-0.0062852,0.017845,-0.025825,-0.00064266,0.30287
0.009549,-0.028394,-0.0074359,0.095726,-0.08576,-0.011816,0.32236
0.0096738,-0.028291,-0.0074357,0.14871,-0.13397,-0.014771,0.32025
0.0095505,-0.028379,-0.0073103,0.092011,-0.080832,-0.004468,0.32269
0.0095502,-0.028352,-0.0070546,0.065396,-0.045369,0.0033265,0.32282
0.0095513,-0.028365,-0.0071834,0.081175,-0.066051,0.00049718,0.3228
0.010174,-0.027873,-0.0073694,0.38063,-0.45315,-0.031225,0.30307
0.010669,-0.02753,-0.00796,0.20351,-0.26743,-0.0092452,0.28397
0.010704,-0.027494,-0.0078834,0.25827,-0.33581,-0.026004,0.28254
0.010703,-0.027496,-0.0078976,0.20351,-0.26743,-0.0092452,0.28397
0.0096803,-0.028286,-0.0074358,0.19677,-0.208,-0.014205,0.31919
0.0097166,-0.028256,-0.0074361,0.21269,-0.23745,-0.013703,0.31934
0.0095512,-0.028372,-0.0072471,0.085344,-0.072977,-0.0015889,0.32292
0.0096971,-0.028231,-0.0070508,0.18056,-0.18503,-0.0029018,0.31998
0.0096111,-0.028343,-0.0074357,0.12041,-0.10844,-0.013094,0.32161
0.0095496,-0.028387,-0.0073731,0.090565,-0.080174,-0.0078515,0.32275
0.0095503,-0.028359,-0.0071189,0.074055,-0.056174,0.0017983,0.32282
0.0096136,-0.0283,-0.0070543,0.097893,-0.072346,0.0023227,0.32152
0.0096387,-0.028279,-0.007054,0.14452,-0.13242,-0.00044951,0.32059
0.0096738,-0.028287,-0.0073949,0.17168,-0.17256,-0.012854,0.32015
0.0096738,-0.028285,-0.0073746,0.21269,-0.23745,-0.013703,0.31934
0.0096738,-0.028284,-0.0073705,0.20674,-0.22639,-0.0096311,0.31978
0.0096118,-0.028329,-0.0073098,0.11881,-0.10449,-0.0058129,0.32183
0.0096629,-0.028287,-0.0073096,0.16828,-0.16976,-0.0075313,0.3207
0.0096128,-0.028314,-0.0071826,0.11075,-0.091972,-9.9607e-05,0.32172
0.0096496,-0.028284,-0.0071822,0.15812,-0.15341,-0.002697,0.32068
0.009674,-0.028255,-0.0070944,0.18056,-0.18503,-0.0029018,0.31998
0.0096753,-0.028258,-0.0071386,0.19548,-0.20748,-0.0054913,0.31989
0.0097094,-0.028249,-0.0073096,0.20674,-0.22639,-0.0096311,0.31978
0.0096745,-0.028272,-0.0072573,0.20674,-0.22639,-0.0096311,0.31978
0.0096746,-0.028269,-0.0072326,0.19548,-0.20748,-0.0054913,0.31989
0.009703,-0.02824,-0.0071819,0.19548,-0.20748,-0.0054913,0.31989
0.010116,-0.027921,-0.007371,0.38063,-0.45315,-0.031225,0.30307
0.010703,-0.027502,-0.0079589,0.20351,-0.26743,-0.0092452,0.28397
0.009674,-0.028278,-0.0073096,0.20674,-0.22639,-0.0096311,0.31978
0.0096743,-0.02825,-0.0070521,0.18056,-0.18503,-0.0029018,0.31998
0.0096749,-0.028263,-0.0071821,0.19548,-0.20748,-0.0054913,0.31989
0.010222,-0.027753,-0.0066118,0.28075,-0.31091,-0.023254,0.30289
0.010084,-0.027862,-0.0065709,0.23902,-0.25048,-0.019607,0.30648
0.01006,-0.027891,-0.0066592,0.29039,-0.30809,-0.024048,0.3062
0.010144,-0.027814,-0.0065834,0.26172,-0.27838,-0.02363,0.30103
0.010338,-0.027652,-0.0065596,0.26617,-0.32089,-0.020575,0.30149
0.010579,-0.027454,-0.0065532,0.10882,-0.19936,-0.0022636,0.30464
0.010706,-0.027472,-0.0076935,0.20893,-0.30365,-0.039024,0.2888
0.010705,-0.027459,-0.0075668,0.22388,-0.32736,-0.052443,0.28895
0.010703,-0.027392,-0.0069322,0.15111,-0.27909,-0.03703,0.2956
0.0098036,-0.028117,-0.0068002,0.20621,-0.20256,-0.0053615,0.3163
0.0097665,-0.028147,-0.0068002,0.17497,-0.15593,-5.1834e-05,0.31732
0.0098036,-0.028103,-0.006674,0.17649,-0.15962,0.00067395,0.31595
0.01045,-0.027546,-0.0064267,0.13826,-0.21176,-0.0193,0.29998
0.0099534,-0.027966,-0.0065435,0.20761,-0.21642,-0.017303,0.3115
0.010704,-0.027486,-0.0078151,0.23701,-0.3187,-0.02756,0.28502
0.010705,-0.027479,-0.0077577,0.19447,-0.28458,-0.031396,0.28943
0.010274,-0.027751,-0.0069931,0.37015,-0.4287,-0.031157,0.29599
0.0099591,-0.027975,-0.006673,0.25715,-0.27234,-0.019677,0.31123
0.0099292,-0.028006,-0.0067265,0.25715,-0.27234,-0.019677,0.31123
0.0099285,-0.028008,-0.0067425,0.29061,-0.31352,-0.0237,0.31115
0.010529,-0.027495,-0.0065523,0.17582,-0.26138,-0.010919,0.2964
0.01052,-0.027502,-0.0065515,0.2144,-0.29853,-0.016028,0.28946
0.010506,-0.027513,-0.0065484,0.24379,-0.30946,-0.020419,0.2964
0.01045,-0.027553,-0.0064886,0.21259,-0.28182,-0.020752,0.29749
0.010452,-0.027553,-0.0065085,0.24379,-0.30946,-0.020419,0.2964
0.010705,-0.027452,-0.0075039,0.21102,-0.32421,-0.05724,0.29221
0.010709,-0.027447,-0.0074872,0.19492,-0.31506,-0.05632,0.29616
0.010704,-0.027398,-0.0069945,0.15248,-0.27821,-0.042692,0.29988
0.010712,-0.027396,-0.0070315,0.1502,-0.27468,-0.046244,0.30235
0.010251,-0.027752,-0.0068306,0.35094,-0.3936,-0.029377,0.29969
0.010239,-0.027753,-0.0067388,0.32966,-0.36616,-0.02646,0.3026
0.010705,-0.027465,-0.0076301,0.22202,-0.32086,-0.045723,0.28901
0.010579,-0.027461,-0.0066165,0.12204,-0.21983,-0.0099293,0.30811
0.010581,-0.02746,-0.0066295,0.12302,-0.22235,-0.015701,0.31034
0.010372,-0.027711,-0.0073667,0.38998,-0.46895,-0.037448,0.29282
0.0098039,-0.02811,-0.0067375,0.19122,-0.18145,-0.0021354,0.3163
0.0098184,-0.028214,-0.0078242,0.20289,-0.20412,-0.0194,0.31191
0.010338,-0.027636,-0.0064142,0.17733,-0.23563,-0.011624,0.30261
0.0099294,-0.027991,-0.006587,0.20761,-0.21642,-0.017303,0.3115
0.0099292,-0.027995,-0.0066271,0.25715,-0.27234,-0.019677,0.31123
0.010665,-0.027519,-0.0078232,0.25827,-0.33581,-0.026004,0.28254
0.010592,-0.027579,-0.007823,0.27439,-0.35033,-0.023687,0.28952
0.010685,-0.027488,-0.0076936,0.27023,-0.35443,-0.036407,0.28491
0.010659,-0.02751,-0.0076939,0.30378,-0.37778,-0.031809,0.28086
0.010608,-0.027552,-0.0076943,0.32722,-0.40384,-0.029472,0.28907
0.010666,-0.027491,-0.0075669,0.2799,-0.36881,-0.04168,0.28375
0.010623,-0.027526,-0.0075671,0.34363,-0.42333,-0.029962,0.2872
0.010651,-0.027503,-0.0075677,0.31341,-0.38897,-0.033957,0.27817
0.0098663,-0.028065,-0.0068002,0.23456,-0.22441,-0.0075826,0.31271
0.0098789,-0.028055,-0.0067979,0.2432,-0.22548,-0.0073479,0.31053
0.0098663,-0.028052,-0.0066736,0.20303,-0.18538,-0.0040148,0.31317
0.0099064,-0.028019,-0.0066733,0.23316,-0.23042,-0.012387,0.31175
0.010639,-0.027444,-0.0069317,0.18233,-0.29125,-0.039553,0.30423
0.010627,-0.027455,-0.0069315,0.19069,-0.2918,-0.039569,0.30787
0.01036,-0.027623,-0.0064532,0.17733,-0.23563,-0.011624,0.30261
0.010367,-0.027622,-0.0065046,0.26617,-0.32089,-0.020575,0.30149
0.010384,-0.0276,-0.0064267,0.15471,-0.21875,-0.014151,0.30257
0.0098033,-0.028124,-0.0068627,0.2159,-0.21141,-0.006727,0.31619
0.0098029,-0.028127,-0.0068952,0.21518,-0.2071,-0.0057349,0.3162
0.0097733,-0.028148,-0.0068624,0.19275,-0.17981,-0.0037992,0.31686
0.009762,-0.028159,-0.0068791,0.21518,-0.2071,-0.0057349,0.3162
0.010256,-0.027752,-0.0068659,0.35699,-0.41122,-0.029275,0.29709
0.010059,-0.027893,-0.006675,0.29039,-0.30809,-0.024048,0.3062
0.0099293,-0.027986,-0.0065435,0.20761,-0.21642,-0.017303,0.3115
0.01028,-0.027703,-0.0065857,0.26617,-0.32089,-0.020575,0.30149
0.010704,-0.027487,-0.007823,0.25827,-0.33581,-0.026004,0.28254
0.01039,-0.027695,-0.0073674,0.38998,-0.46895,-0.037448,0.29282
0.0098003,-0.028229,-0.007824,0.20289,-0.20412,-0.0194,0.31191
0.0099291,-0.028,-0.0066732,0.25715,-0.27234,-0.019677,0.31123
0.010356,-0.027623,-0.0064189,0.17733,-0.23563,-0.011624,0.30261
0.010309,-0.027749,-0.0072475,0.38294,-0.45953,-0.036689,0.29452
0.010316,-0.027749,-0.0073015,0.38998,-0.46895,-0.037448,0.29282
0.010292,-0.02775,-0.0071205,0.37771,-0.44778,-0.033678,0.29555
