"U:0","U:1","U:2","p","Cell Type"
2.58271009e-01,-3.35813999e-01,-2.60042995e-02,2.82543987e-01,5
2.58271009e-01,-3.35813999e-01,-2.60042995e-02,2.82543987e-01,5
2.58271009e-01,-3.35813999e-01,-2.60042995e-02,2.82543987e-01,5
2.58271009e-01,-3.35813999e-01,-2.60042995e-02,2.82543987e-01,5
2.14068994e-01,-2.82988012e-01,-1.41844004e-02,2.90556014e-01,5
2.14068994e-01,-2.82988012e-01,-1.41844004e-02,2.90556014e-01,5
2.14068994e-01,-2.82988012e-01,-1.41844004e-02,2.90556014e-01,5
2.14068994e-01,-2.82988012e-01,-1.41844004e-02,2.90556014e-01,5
2.03505993e-01,-2.67426997e-01,-9.24517959e-03,2.83973008e-01,5
2.03505993e-01,-2.67426997e-01,-9.24517959e-03,2.83973008e-01,5
2.03505993e-01,-2.67426997e-01,-9.24517959e-03,2.83973008e-01,5
2.03505993e-01,-2.67426997e-01,-9.24517959e-03,2.83973008e-01,5
2.74387002e-01,-3.50326985e-01,-2.36872006e-02,2.89516985e-01,5
2.74387002e-01,-3.50326985e-01,-2.36872006e-02,2.89516985e-01,5
3.11807990e-01,-3.41746002e-01,-2.21580993e-02,3.08764011e-01,5
3.11807990e-01,-3.41746002e-01,-2.21580993e-02,3.08764011e-01,5
2.82997012e-01,-2.88286000e-01,-1.72828007e-02,3.09908003e-01,5
2.82997012e-01,-2.88286000e-01,-1.72828007e-02,3.09908003e-01,5
3.40938002e-01,-3.76188993e-01,-2.40244996e-02,3.02951992e-01,5
3.40938002e-01,-3.76188993e-01,-2.40244996e-02,3.02951992e-01,5
3.89982998e-01,-4.68946010e-01,-3.74482013e-02,2.92818993e-01,5
3.89982998e-01,-4.68946010e-01,-3.74482013e-02,2.92818993e-01,5
3.89982998e-01,-4.68946010e-01,-3.74482013e-02,2.92818993e-01,5
3.89982998e-01,-4.68946010e-01,-3.74482013e-02,2.92818993e-01,5
3.89982998e-01,-4.68946010e-01,-3.74482013e-02,2.92818993e-01,5
3.61941993e-01,-4.05829996e-01,-3.01938001e-02,3.04856986e-01,5
3.61941993e-01,-4.05829996e-01,-3.01938001e-02,3.04856986e-01,5
1.78389996e-01,-1.38247997e-01,-3.56337018e-02,3.12231004e-01,5
1.66659996e-01,-1.18234001e-01,-3.34426984e-02,3.12382996e-01,5
1.66659996e-01,-1.18234001e-01,-3.34426984e-02,3.12382996e-01,5
1.63096994e-01,-2.42806002e-01,-2.06246004e-02,2.90111005e-01,5
1.63096994e-01,-2.42806002e-01,-2.06246004e-02,2.90111005e-01,5
2.06338003e-01,-2.99703002e-01,-3.44486013e-02,2.90946007e-01,5
2.04322994e-01,-2.99208999e-01,-4.13797982e-02,2.87133008e-01,5
2.04322994e-01,-2.99208999e-01,-4.13797982e-02,2.87133008e-01,5
2.19292000e-01,-3.15780997e-01,-3.97808999e-02,2.90623993e-01,5
2.19292000e-01,-3.15780997e-01,-3.97808999e-02,2.90623993e-01,5
2.28609994e-01,-3.27051997e-01,-4.39168997e-02,2.90163010e-01,5
2.28609994e-01,-3.27051997e-01,-4.39168997e-02,2.90163010e-01,5
2.10969001e-01,-3.10047001e-01,-4.99636009e-02,2.86949992e-01,5
2.10969001e-01,-3.10047001e-01,-4.99636009e-02,2.86949992e-01,5
2.34019995e-01,-3.42404991e-01,-5.32471016e-02,2.91444987e-01,5
2.34019995e-01,-3.42404991e-01,-5.32471016e-02,2.91444987e-01,5
2.37574995e-01,-3.40950996e-01,-4.94364984e-02,2.90665001e-01,5
2.37574995e-01,-3.40950996e-01,-4.94364984e-02,2.90665001e-01,5
1.16567999e-01,-2.48401001e-01,-3.69492993e-02,2.94470012e-01,5
1.16567999e-01,-2.48401001e-01,-3.69492993e-02,2.94470012e-01,5
8.24728012e-02,-1.90347001e-01,-5.11052012e-02,3.09004009e-01,5
8.24728012e-02,-1.90347001e-01,-5.11052012e-02,3.09004009e-01,5
1.74669996e-01,-2.98207015e-01,-3.90896015e-02,2.96407998e-01,5
1.74669996e-01,-2.98207015e-01,-3.90896015e-02,2.96407998e-01,5
1.56528994e-01,-2.82099992e-01,-3.99513990e-02,2.97499001e-01,5
1.56528994e-01,-2.82099992e-01,-3.99513990e-02,2.97499001e-01,5
7.00659975e-02,-1.73911005e-01,-3.53925005e-02,3.09372008e-01,5
7.00659975e-02,-1.73911005e-01,-3.53925005e-02,3.09372008e-01,5
2.94450000e-02,-1.28274998e-02,6.02822006e-03,3.19849998e-01,5
3.85977998e-02,-1.84078999e-02,8.54238030e-03,3.20347995e-01,5
3.85977998e-02,-1.84078999e-02,8.54238030e-03,3.20347995e-01,5
4.77119014e-02,-1.52804002e-01,-3.26712010e-03,2.95082003e-01,5
1.90688998e-01,-2.91797012e-01,-3.95694003e-02,3.07871014e-01,5
1.90688998e-01,-2.91797012e-01,-3.95694003e-02,3.07871014e-01,5
1.90688998e-01,-2.91797012e-01,-3.95694003e-02,3.07871014e-01,5
1.39419004e-01,-2.72320986e-01,-3.20887007e-02,2.93457001e-01,5
1.39419004e-01,-2.72320986e-01,-3.20887007e-02,2.93457001e-01,5
1.58591002e-01,-2.59606004e-01,-3.31351012e-02,3.09621006e-01,5
1.58591002e-01,-2.59606004e-01,-3.31351012e-02,3.09621006e-01,5
1.58591002e-01,-2.59606004e-01,-3.31351012e-02,3.09621006e-01,5
1.38814002e-01,-9.23298001e-02,2.41955998e-03,3.11522990e-01,5
1.38814002e-01,-9.23298001e-02,2.41955998e-03,3.11522990e-01,5
1.09200999e-01,-6.50127977e-02,-1.54833996e-03,3.11908990e-01,5
1.09200999e-01,-6.50127977e-02,-1.54833996e-03,3.11908990e-01,5
2.11829007e-01,-2.44714007e-01,-1.25775002e-02,3.01191986e-01,5
2.11829007e-01,-2.44714007e-01,-1.25775002e-02,3.01191986e-01,5
2.11829007e-01,-2.44714007e-01,-1.25775002e-02,3.01191986e-01,5
2.75788993e-01,-3.23745996e-01,-1.24589000e-02,3.04387987e-01,5
2.75788993e-01,-3.23745996e-01,-1.24589000e-02,3.04387987e-01,5
2.89642006e-01,-3.40476990e-01,-2.02651005e-02,3.00471991e-01,5
2.89642006e-01,-3.40476990e-01,-2.02651005e-02,3.00471991e-01,5
3.31988007e-01,-3.72790992e-01,-2.61909999e-02,3.10566008e-01,5
3.31988007e-01,-3.72790992e-01,-2.61909999e-02,3.10566008e-01,5
4.60353009e-02,-3.10695004e-02,-3.29894992e-03,3.03263992e-01,5
4.60353009e-02,-3.10695004e-02,-3.29894992e-03,3.03263992e-01,5
1.25974998e-01,-1.02196999e-01,-1.03484001e-02,3.01618993e-01,5
1.25974998e-01,-1.02196999e-01,-1.03484001e-02,3.01618993e-01,5
5.18162996e-02,-3.72857004e-02,-3.93434009e-03,3.01306993e-01,5
5.18162996e-02,-3.72857004e-02,-3.93434009e-03,3.01306993e-01,5
5.18162996e-02,-3.72857004e-02,-3.93434009e-03,3.01306993e-01,5
3.11378986e-01,-3.44363004e-01,-1.97203998e-02,3.02585989e-01,5
3.11378986e-01,-3.44363004e-01,-1.97203998e-02,3.02585989e-01,5
1.84664994e-01,-3.09300005e-01,-5.36617003e-02,2.97293991e-01,5
1.84664994e-01,-3.09300005e-01,-5.36617003e-02,2.97293991e-01,5
1.84664994e-01,-3.09300005e-01,-5.36617003e-02,2.97293991e-01,5
1.84664994e-01,-3.09300005e-01,-5.36617003e-02,2.97293991e-01,5
2.48521000e-01,-3.49613011e-01,-4.36049998e-02,3.00585985e-01,5
1.94915995e-01,-3.15059990e-01,-5.63202985e-02,2.96162009e-01,5
1.94915995e-01,-3.15059990e-01,-5.63202985e-02,2.96162009e-01,5
1.94915995e-01,-3.15059990e-01,-5.63202985e-02,2.96162009e-01,5
1.94915995e-01,-3.15059990e-01,-5.63202985e-02,2.96162009e-01,5
1.94915995e-01,-3.15059990e-01,-5.63202985e-02,2.96162009e-01,5
2.44056001e-01,-3.45328987e-01,-4.53015007e-02,3.02365005e-01,5
2.44056001e-01,-3.45328987e-01,-4.53015007e-02,3.02365005e-01,5
1.70205995e-01,-2.98391014e-01,-5.15714996e-02,3.00334990e-01,5
1.70205995e-01,-2.98391014e-01,-5.15714996e-02,3.00334990e-01,5
1.70205995e-01,-2.98391014e-01,-5.15714996e-02,3.00334990e-01,5
2.14328006e-01,-3.16482991e-01,-4.40048017e-02,3.06558996e-01,5
2.14328006e-01,-3.16482991e-01,-4.40048017e-02,3.06558996e-01,5
2.35749006e-01,-3.36311013e-01,-4.33053002e-02,3.04580986e-01,5
2.35749006e-01,-3.36311013e-01,-4.33053002e-02,3.04580986e-01,5
1.50195003e-01,-2.74684995e-01,-4.62438986e-02,3.02347988e-01,5
1.50195003e-01,-2.74684995e-01,-4.62438986e-02,3.02347988e-01,5
1.50195003e-01,-2.74684995e-01,-4.62438986e-02,3.02347988e-01,5
1.50195003e-01,-2.74684995e-01,-4.62438986e-02,3.02347988e-01,5
1.50195003e-01,-2.74684995e-01,-4.62438986e-02,3.02347988e-01,5
1.94656000e-01,-2.17369005e-01,-1.36662005e-02,3.04450005e-01,5
1.94656000e-01,-2.17369005e-01,-1.36662005e-02,3.04450005e-01,5
3.80625010e-01,-4.53146994e-01,-3.12254000e-02,3.03068012e-01,5
3.80625010e-01,-4.53146994e-01,-3.12254000e-02,3.03068012e-01,5
3.80625010e-01,-4.53146994e-01,-3.12254000e-02,3.03068012e-01,5
3.80625010e-01,-4.53146994e-01,-3.12254000e-02,3.03068012e-01,5
3.80625010e-01,-4.53146994e-01,-3.12254000e-02,3.03068012e-01,5
3.44455004e-01,-3.74967009e-01,-2.84339003e-02,3.05355996e-01,5
3.44455004e-01,-3.74967009e-01,-2.84339003e-02,3.05355996e-01,5
1.73024997e-01,-1.66436002e-01,-1.12044998e-02,3.06612015e-01,5
1.73024997e-01,-1.66436002e-01,-1.12044998e-02,3.06612015e-01,5
1.73024997e-01,-1.66436002e-01,-1.12044998e-02,3.06612015e-01,5
1.73024997e-01,-1.66436002e-01,-1.12044998e-02,3.06612015e-01,5
1.12971999e-01,-8.05990025e-02,-1.09267002e-02,3.05642992e-01,5
1.12971999e-01,-8.05990025e-02,-1.09267002e-02,3.05642992e-01,5
1.18267000e-01,-9.03908014e-02,-8.41339957e-03,3.03562999e-01,5
1.18267000e-01,-9.03908014e-02,-8.41339957e-03,3.03562999e-01,5
1.81532994e-01,-1.53059006e-01,-1.85874999e-02,3.06465000e-01,5
1.81532994e-01,-1.53059006e-01,-1.85874999e-02,3.06465000e-01,5
1.81532994e-01,-1.53059006e-01,-1.85874999e-02,3.06465000e-01,5
1.81532994e-01,-1.53059006e-01,-1.85874999e-02,3.06465000e-01,5
3.04643005e-01,-3.37480009e-01,-2.22463999e-02,3.08272004e-01,5
3.04643005e-01,-3.37480009e-01,-2.22463999e-02,3.08272004e-01,5
2.01829001e-01,-1.84441000e-01,-1.86934993e-02,3.01786005e-01,5
2.01829001e-01,-1.84441000e-01,-1.86934993e-02,3.01786005e-01,5
2.01829001e-01,-1.84441000e-01,-1.86934993e-02,3.01786005e-01,5
3.34129989e-01,-3.68950993e-01,-2.22526994e-02,3.02511990e-01,5
3.34129989e-01,-3.68950993e-01,-2.22526994e-02,3.02511990e-01,5
2.28707995e-02,-1.18397996e-02,-8.53858981e-03,3.22833002e-01,5
2.28707995e-02,-1.18397996e-02,-8.53858981e-03,3.22833002e-01,5
2.71068998e-02,-1.49958003e-02,-9.98864975e-03,3.21451008e-01,5
2.71068998e-02,-1.49958003e-02,-9.98864975e-03,3.21451008e-01,5
1.16888002e-01,-5.64825013e-02,-1.37972999e-02,3.11365008e-01,5
1.16888002e-01,-5.64825013e-02,-1.37972999e-02,3.11365008e-01,5
1.47113994e-01,-8.67313966e-02,-2.81052999e-02,3.10963005e-01,5
1.47113994e-01,-8.67313966e-02,-2.81052999e-02,3.10963005e-01,5
1.57260999e-01,-1.30514994e-01,-3.44716012e-02,3.15993011e-01,5
1.57260999e-01,-1.30514994e-01,-3.44716012e-02,3.15993011e-01,5
1.29950002e-01,-1.05366997e-01,-3.11278999e-02,3.18637013e-01,5
1.29950002e-01,-1.05366997e-01,-3.11278999e-02,3.18637013e-01,5
1.33965001e-01,-1.13923997e-01,-2.90558003e-02,3.19225013e-01,5
1.33965001e-01,-1.13923997e-01,-2.90558003e-02,3.19225013e-01,5
1.62055001e-01,-1.40751004e-01,-3.24236006e-02,3.16567987e-01,5
1.62055001e-01,-1.40751004e-01,-3.24236006e-02,3.16567987e-01,5
1.05374001e-01,-9.40302014e-02,-2.23897006e-02,3.20894986e-01,5
1.05374001e-01,-9.40302014e-02,-2.23897006e-02,3.20894986e-01,5
1.05374001e-01,-9.40302014e-02,-2.23897006e-02,3.20894986e-01,5
8.50483030e-02,-7.44882002e-02,-1.63840000e-02,3.22492003e-01,5
8.50483030e-02,-7.44882002e-02,-1.63840000e-02,3.22492003e-01,5
3.96527015e-02,-2.41666008e-02,-1.16125001e-02,3.21292013e-01,5
3.96527015e-02,-2.41666008e-02,-1.16125001e-02,3.21292013e-01,5
3.96527015e-02,-2.41666008e-02,-1.16125001e-02,3.21292013e-01,5
1.05607003e-01,-9.51204970e-02,-1.85844991e-02,3.21328998e-01,5
1.05607003e-01,-9.51204970e-02,-1.85844991e-02,3.21328998e-01,5
8.51911977e-02,-7.45273978e-02,-2.00961996e-02,3.22091013e-01,5
5.46291992e-02,-3.23332995e-02,-1.43419998e-02,3.20742011e-01,5
5.50093986e-02,-2.62311995e-02,-1.65267996e-02,3.19521010e-01,5
5.50093986e-02,-2.62311995e-02,-1.65267996e-02,3.19521010e-01,5
1.00611001e-01,-8.18139017e-02,-2.71684006e-02,3.19721013e-01,5
1.00611001e-01,-8.18139017e-02,-2.71684006e-02,3.19721013e-01,5
1.02930002e-01,-8.76178965e-02,-2.53714994e-02,3.20134014e-01,5
1.02930002e-01,-8.76178965e-02,-2.53714994e-02,3.20134014e-01,5
3.85258012e-02,-2.24843007e-02,-1.20154005e-02,3.20764989e-01,5
3.85258012e-02,-2.24843007e-02,-1.20154005e-02,3.20764989e-01,5
5.45555986e-02,-2.92006992e-02,-1.52943004e-02,3.20160002e-01,5
5.45555986e-02,-2.92006992e-02,-1.52943004e-02,3.20160002e-01,5
1.38603002e-01,-1.23942003e-01,-2.56117005e-02,3.20311993e-01,5
1.38603002e-01,-1.23942003e-01,-2.56117005e-02,3.20311993e-01,5
1.68244004e-01,-1.53675005e-01,-2.23961007e-02,3.18387985e-01,5
1.68244004e-01,-1.53675005e-01,-2.23961007e-02,3.18387985e-01,5
1.38757005e-01,-1.24996997e-01,-2.10794993e-02,3.20816994e-01,5
1.38757005e-01,-1.24996997e-01,-2.10794993e-02,3.20816994e-01,5
1.68452993e-01,-1.53244004e-01,-2.80843005e-02,3.17790002e-01,5
1.68452993e-01,-1.53244004e-01,-2.80843005e-02,3.17790002e-01,5
8.21126997e-02,-1.10834002e-01,-4.62521007e-03,2.79969990e-01,5
8.21126997e-02,-1.10834002e-01,-4.62521007e-03,2.79969990e-01,5
1.20591000e-01,-1.81589007e-01,-5.64118987e-03,2.86370009e-01,5
1.20591000e-01,-1.81589007e-01,-5.64118987e-03,2.86370009e-01,5
5.86442016e-02,-7.99269974e-02,-1.20054001e-05,2.80990988e-01,5
5.86442016e-02,-7.99269974e-02,-1.20054001e-05,2.80990988e-01,5
3.86876985e-02,-4.75886017e-02,1.58594002e-03,2.83980995e-01,5
3.86876985e-02,-4.75886017e-02,1.58594002e-03,2.83980995e-01,5
1.00933000e-01,-1.51694000e-01,-2.95234006e-03,2.87943006e-01,5
1.00933000e-01,-1.51694000e-01,-2.95234006e-03,2.87943006e-01,5
5.12382984e-02,-6.77101985e-02,1.03231997e-03,2.82106996e-01,5
5.12382984e-02,-6.77101985e-02,1.03231997e-03,2.82106996e-01,5
2.51413006e-02,-1.49886003e-02,1.43575994e-03,3.23096007e-01,5
2.51413006e-02,-1.49886003e-02,1.43575994e-03,3.23096007e-01,5
1.77912991e-02,-8.71451013e-03,5.77907020e-04,3.23329002e-01,5
7.88365975e-02,-2.07597002e-01,-2.46932004e-02,2.96550989e-01,5
7.88365975e-02,-2.07597002e-01,-2.46932004e-02,2.96550989e-01,5
1.21159002e-01,-2.35351995e-01,-2.16968004e-02,2.99620986e-01,5
1.21159002e-01,-2.35351995e-01,-2.16968004e-02,2.99620986e-01,5
1.21159002e-01,-2.35351995e-01,-2.16968004e-02,2.99620986e-01,5
3.38613018e-02,-1.03347003e-01,-1.71689000e-02,3.11944991e-01,5
3.38613018e-02,-1.03347003e-01,-1.71689000e-02,3.11944991e-01,5
3.38613018e-02,-1.03347003e-01,-1.71689000e-02,3.11944991e-01,5
6.90322965e-02,-1.78339005e-01,-2.30145007e-02,3.13930005e-01,5
1.33589998e-01,-2.56514996e-01,-3.21149006e-02,2.98280001e-01,5
1.33589998e-01,-2.56514996e-01,-3.21149006e-02,2.98280001e-01,5
4.27646004e-02,-1.33015007e-01,-2.15402003e-02,3.11087012e-01,5
4.27646004e-02,-1.33015007e-01,-2.15402003e-02,3.11087012e-01,5
7.77473999e-03,-4.71462011e-02,-9.28074960e-03,3.11515987e-01,5
3.59673984e-02,-1.25348002e-01,-2.76902001e-02,3.07146013e-01,5
3.59673984e-02,-1.25348002e-01,-2.76902001e-02,3.07146013e-01,5
7.03379000e-03,-3.29039991e-02,-7.30124023e-03,3.05040985e-01,5
2.49412991e-02,-9.50627029e-02,-2.12261006e-02,3.07251990e-01,5
2.49412991e-02,-9.50627029e-02,-2.12261006e-02,3.07251990e-01,5
1.11474000e-01,-9.02315974e-02,3.92065989e-03,3.20672989e-01,5
1.11474000e-01,-9.02315974e-02,3.92065989e-03,3.20672989e-01,5
1.11474000e-01,-9.02315974e-02,3.92065989e-03,3.20672989e-01,5
1.26506001e-01,-9.70292985e-02,7.91839976e-03,3.19090992e-01,5
1.26506001e-01,-9.70292985e-02,7.91839976e-03,3.19090992e-01,5
1.38218999e-01,-1.14228003e-01,4.76254011e-03,3.19238007e-01,5
1.38218999e-01,-1.14228003e-01,4.76254011e-03,3.19238007e-01,5
1.00109003e-01,-7.35500976e-02,7.40143983e-03,3.20533007e-01,5
1.00109003e-01,-7.35500976e-02,7.40143983e-03,3.20533007e-01,5
2.15014994e-01,-2.10549995e-01,-4.92756022e-03,3.15362990e-01,5
2.15014994e-01,-2.10549995e-01,-4.92756022e-03,3.15362990e-01,5
1.56179994e-01,-1.22635998e-01,4.82932013e-03,3.17436010e-01,5
1.56179994e-01,-1.22635998e-01,4.82932013e-03,3.17436010e-01,5
1.96494997e-01,-1.93053007e-01,-5.39038004e-03,3.17000002e-01,5
1.96494997e-01,-1.93053007e-01,-5.39038004e-03,3.17000002e-01,5
2.27057993e-01,-2.29209006e-01,-9.37957037e-03,3.15755993e-01,5
2.27057993e-01,-2.29209006e-01,-9.37957037e-03,3.15755993e-01,5
1.66575998e-01,-1.39284998e-01,-2.72267003e-04,3.17380995e-01,5
1.66575998e-01,-1.39284998e-01,-2.72267003e-04,3.17380995e-01,5
2.16500998e-01,-2.00810999e-01,-7.48192985e-03,3.12047005e-01,5
2.16500998e-01,-2.00810999e-01,-7.48192985e-03,3.12047005e-01,5
2.05488995e-01,-1.82349995e-01,-3.90317012e-03,3.12377989e-01,5
2.05488995e-01,-1.82349995e-01,-3.90317012e-03,3.12377989e-01,5
1.95236996e-01,-1.81573004e-01,-1.71653996e-03,3.14529002e-01,5
1.95236996e-01,-1.81573004e-01,-1.71653996e-03,3.14529002e-01,5
1.57850996e-01,-1.38411999e-01,3.62842996e-03,3.17487001e-01,5
1.57850996e-01,-1.38411999e-01,3.62842996e-03,3.17487001e-01,5
1.57850996e-01,-1.38411999e-01,3.62842996e-03,3.17487001e-01,5
1.40202999e-01,-1.00001998e-01,8.52864981e-03,3.17016989e-01,5
1.40202999e-01,-1.00001998e-01,8.52864981e-03,3.17016989e-01,5
1.81399003e-01,-1.61332995e-01,5.09614008e-04,3.14855993e-01,5
1.81399003e-01,-1.61332995e-01,5.09614008e-04,3.14855993e-01,5
1.18493997e-01,-7.10802972e-02,1.06894998e-02,3.16989988e-01,5
1.05054997e-01,-1.67695001e-01,-1.44162998e-02,2.99551010e-01,5
1.05054997e-01,-1.67695001e-01,-1.44162998e-02,2.99551010e-01,5
1.57659993e-01,-2.31656000e-01,-2.18959004e-02,3.00926000e-01,5
1.57659993e-01,-2.31656000e-01,-2.18959004e-02,3.00926000e-01,5
1.19295001e-01,-1.86970994e-01,-1.40677001e-02,3.03323001e-01,5
1.19295001e-01,-1.86970994e-01,-1.40677001e-02,3.03323001e-01,5
6.19731992e-02,-1.12983003e-01,-4.22991998e-03,3.09264004e-01,5
6.19731992e-02,-1.12983003e-01,-4.22991998e-03,3.09264004e-01,5
3.46697003e-01,-3.95388991e-01,-2.70291008e-02,3.09882998e-01,5
3.41773003e-01,-3.87984991e-01,-2.46251002e-02,3.10020000e-01,5
3.41773003e-01,-3.87984991e-01,-2.46251002e-02,3.10020000e-01,5
3.81549001e-01,-4.18523014e-01,-3.14767994e-02,2.93693006e-01,5
3.81549001e-01,-4.18523014e-01,-3.14767994e-02,2.93693006e-01,5
3.32666010e-01,-4.15573001e-01,-3.39337997e-02,2.92699009e-01,5
3.32666010e-01,-4.15573001e-01,-3.39337997e-02,2.92699009e-01,5
3.63454014e-01,-3.97630006e-01,-3.15623991e-02,2.94137001e-01,5
3.22414994e-01,-3.97455990e-01,-3.06749009e-02,2.93669999e-01,5
3.22414994e-01,-3.97455990e-01,-3.06749009e-02,2.93669999e-01,5
3.43948007e-01,-4.08315003e-01,-2.68511996e-02,2.99493998e-01,5
3.43948007e-01,-4.08315003e-01,-2.68511996e-02,2.99493998e-01,5
3.43948007e-01,-4.08315003e-01,-2.68511996e-02,2.99493998e-01,5
3.52041006e-01,-4.23308015e-01,-2.96323001e-02,2.98642993e-01,5
3.52041006e-01,-4.23308015e-01,-2.96323001e-02,2.98642993e-01,5
3.80486995e-01,-4.29367989e-01,-3.05895992e-02,2.99775988e-01,5
3.80486995e-01,-4.29367989e-01,-3.05895992e-02,2.99775988e-01,5
3.68665010e-01,-4.18327987e-01,-3.58932018e-02,3.04729015e-01,5
3.68665010e-01,-4.18327987e-01,-3.58932018e-02,3.04729015e-01,5
3.86592001e-01,-4.40513998e-01,-2.78466009e-02,2.99255997e-01,5
3.86592001e-01,-4.40513998e-01,-2.78466009e-02,2.99255997e-01,5
3.93685997e-01,-4.43870008e-01,-3.27137001e-02,2.93558002e-01,5
3.93685997e-01,-4.43870008e-01,-3.27137001e-02,2.93558002e-01,5
3.40061009e-01,-4.33970004e-01,-3.48551013e-02,2.91875988e-01,5
3.40061009e-01,-4.33970004e-01,-3.48551013e-02,2.91875988e-01,5
3.45959008e-01,-4.42247003e-01,-4.01320010e-02,2.92117000e-01,5
3.45959008e-01,-4.42247003e-01,-4.01320010e-02,2.92117000e-01,5
3.60036999e-01,-4.44656014e-01,-3.20115983e-02,2.97708988e-01,5
3.60036999e-01,-4.44656014e-01,-3.20115983e-02,2.97708988e-01,5
3.62181008e-01,-4.53891009e-01,-3.77377011e-02,2.97509998e-01,5
3.62181008e-01,-4.53891009e-01,-3.77377011e-02,2.97509998e-01,5
3.96643013e-01,-4.55738991e-01,-3.48801985e-02,2.93246001e-01,5
3.96643013e-01,-4.55738991e-01,-3.48801985e-02,2.93246001e-01,5
1.62021995e-01,-1.58134997e-01,1.46793004e-03,3.20086986e-01,5
1.62021995e-01,-1.58134997e-01,1.46793004e-03,3.20086986e-01,5
1.62021995e-01,-1.58134997e-01,1.46793004e-03,3.20086986e-01,5
1.62021995e-01,-1.58134997e-01,1.46793004e-03,3.20086986e-01,5
2.43203998e-01,-2.25482002e-01,-7.34787015e-03,3.10528010e-01,5
2.43203998e-01,-2.25482002e-01,-7.34787015e-03,3.10528010e-01,5
2.43203998e-01,-2.25482002e-01,-7.34787015e-03,3.10528010e-01,5
2.15180993e-01,-2.07098007e-01,-5.73490001e-03,3.16202998e-01,5
2.15180993e-01,-2.07098007e-01,-5.73490001e-03,3.16202998e-01,5
2.15180993e-01,-2.07098007e-01,-5.73490001e-03,3.16202998e-01,5
2.15180993e-01,-2.07098007e-01,-5.73490001e-03,3.16202998e-01,5
1.87187999e-01,-1.78969994e-01,-2.15349998e-03,3.17328006e-01,5
1.87187999e-01,-1.78969994e-01,-2.15349998e-03,3.17328006e-01,5
9.77651030e-02,-7.07835034e-02,9.36606992e-03,3.18067014e-01,5
9.77651030e-02,-7.07835034e-02,9.36606992e-03,3.18067014e-01,5
1.21283002e-01,-8.91264975e-02,7.67588010e-03,3.16872001e-01,5
1.21283002e-01,-8.91264975e-02,7.67588010e-03,3.16872001e-01,5
1.71460003e-01,-1.57178000e-01,2.74282997e-04,3.16940993e-01,5
1.71460003e-01,-1.57178000e-01,2.74282997e-04,3.16940993e-01,5
3.17769982e-02,-1.92428995e-02,-3.57678998e-03,3.10633004e-01,5
3.17769982e-02,-1.92428995e-02,-3.57678998e-03,3.10633004e-01,5
1.42718002e-01,-2.21438006e-01,-2.09420994e-02,2.98386991e-01,5
1.42718002e-01,-2.21438006e-01,-2.09420994e-02,2.98386991e-01,5
1.42718002e-01,-2.21438006e-01,-2.09420994e-02,2.98386991e-01,5
1.77331999e-01,-2.35630006e-01,-1.16242003e-02,3.02612007e-01,5
1.77331999e-01,-2.35630006e-01,-1.16242003e-02,3.02612007e-01,5
1.77331999e-01,-2.35630006e-01,-1.16242003e-02,3.02612007e-01,5
1.77331999e-01,-2.35630006e-01,-1.16242003e-02,3.02612007e-01,5
1.77331999e-01,-2.35630006e-01,-1.16242003e-02,3.02612007e-01,5
1.03426002e-01,-1.78874001e-01,-1.34703005e-03,3.07530999e-01,5
1.29390001e-01,-1.27690002e-01,-1.09309005e-02,3.01281005e-01,5
1.29390001e-01,-1.27690002e-01,-1.09309005e-02,3.01281005e-01,5
7.37259015e-02,-6.82469010e-02,-7.67689024e-04,3.00395012e-01,5
7.37259015e-02,-6.82469010e-02,-7.67689024e-04,3.00395012e-01,5
5.44903018e-02,-4.93546985e-02,-5.48951002e-03,3.01005006e-01,5
5.44903018e-02,-4.93546985e-02,-5.48951002e-03,3.01005006e-01,5
5.44903018e-02,-4.93546985e-02,-5.48951002e-03,3.01005006e-01,5
1.93683002e-02,-1.64193995e-02,4.67670994e-04,3.00725996e-01,5
4.20437008e-02,-4.06914018e-02,-2.14804010e-03,2.93790013e-01,5
4.20437008e-02,-4.06914018e-02,-2.14804010e-03,2.93790013e-01,5
1.06386997e-01,-1.11436002e-01,-6.53488003e-03,2.96072006e-01,5
1.06386997e-01,-1.11436002e-01,-6.53488003e-03,2.96072006e-01,5
1.02073997e-01,-9.28061008e-02,-4.68934979e-03,2.96537995e-01,5
1.02073997e-01,-9.28061008e-02,-4.68934979e-03,2.96537995e-01,5
1.53221995e-01,-1.69927001e-01,-7.57686980e-03,2.98343003e-01,5
1.53221995e-01,-1.69927001e-01,-7.57686980e-03,2.98343003e-01,5
9.84039977e-02,-9.76105034e-02,-5.10799978e-03,2.97746003e-01,5
9.84039977e-02,-9.76105034e-02,-5.10799978e-03,2.97746003e-01,5
1.61790997e-01,-1.83219001e-01,-1.02131004e-02,2.96355993e-01,5
1.61790997e-01,-1.83219001e-01,-1.02131004e-02,2.96355993e-01,5
1.58847004e-01,-2.00469002e-01,-9.59303975e-03,2.94093996e-01,5
1.58847004e-01,-2.00469002e-01,-9.59303975e-03,2.94093996e-01,5
1.07914999e-01,-1.27862006e-01,-2.89057009e-03,2.94400990e-01,5
1.07914999e-01,-1.27862006e-01,-2.89057009e-03,2.94400990e-01,5
1.02994002e-01,-1.24508001e-01,-4.99058003e-03,2.96557009e-01,5
1.02994002e-01,-1.24508001e-01,-4.99058003e-03,2.96557009e-01,5
1.54990003e-01,-1.96401000e-01,-8.88243038e-03,2.96427995e-01,5
1.54990003e-01,-1.96401000e-01,-8.88243038e-03,2.96427995e-01,5
3.91950011e-02,-3.78854983e-02,-2.45404989e-03,2.95982987e-01,5
3.91950011e-02,-3.78854983e-02,-2.45404989e-03,2.95982987e-01,5
3.64473015e-02,-2.92185005e-02,-2.08218000e-03,2.96234012e-01,5
3.64473015e-02,-2.92185005e-02,-2.08218000e-03,2.96234012e-01,5
3.61601003e-02,-3.15907001e-02,-2.40502995e-03,2.97439992e-01,5
3.61601003e-02,-3.15907001e-02,-2.40502995e-03,2.97439992e-01,5
4.12697010e-02,-4.43392992e-02,9.86887972e-05,2.94735014e-01,5
4.12697010e-02,-4.43392992e-02,9.86887972e-05,2.94735014e-01,5
3.82202007e-02,-4.29936983e-02,-1.27577002e-03,2.96503007e-01,5
3.82202007e-02,-4.29936983e-02,-1.27577002e-03,2.96503007e-01,5
1.73751991e-02,-8.98152962e-03,-2.29201000e-03,3.24690014e-01,5
1.73751991e-02,-8.98152962e-03,-2.29201000e-03,3.24690014e-01,5
1.67219993e-02,-8.64940975e-03,-1.08386006e-03,3.24725002e-01,5
1.67219993e-02,-8.64940975e-03,-1.08386006e-03,3.24725002e-01,5
2.88044997e-02,-2.01130994e-02,3.29594011e-03,3.23161989e-01,5
2.88044997e-02,-2.01130994e-02,3.29594011e-03,3.23161989e-01,5
3.31744999e-02,-2.52585001e-02,3.43084009e-03,3.23161006e-01,5
3.31744999e-02,-2.52585001e-02,3.43084009e-03,3.23161006e-01,5
8.65701027e-03,-4.46680980e-03,4.20369004e-04,3.24561000e-01,5
8.65701027e-03,-4.46680980e-03,4.20369004e-04,3.24561000e-01,5
3.67554985e-02,-2.64947992e-02,4.18662978e-03,3.23540002e-01,5
4.86094989e-02,-2.75568999e-02,3.58110992e-03,3.21707010e-01,5
4.86094989e-02,-2.75568999e-02,3.58110992e-03,3.21707010e-01,5
3.96419019e-02,-2.44533997e-02,4.42122016e-03,3.22856992e-01,5
3.96419019e-02,-2.44533997e-02,4.42122016e-03,3.22856992e-01,5
5.89855984e-02,-3.43439989e-02,5.15133981e-03,3.22062999e-01,5
5.89855984e-02,-3.43439989e-02,5.15133981e-03,3.22062999e-01,5
3.39873992e-02,-1.85883995e-02,1.92274002e-03,3.22777987e-01,5
3.39873992e-02,-1.85883995e-02,1.92274002e-03,3.22777987e-01,5
3.39873992e-02,-1.85883995e-02,1.92274002e-03,3.22777987e-01,5
8.44938979e-02,-6.52695969e-02,5.99757023e-03,3.21563989e-01,5
6.87642023e-02,-4.56572995e-02,8.89035966e-03,3.21622014e-01,5
6.87642023e-02,-4.56572995e-02,8.89035966e-03,3.21622014e-01,5
4.19925004e-02,-2.09877994e-02,8.64671019e-04,3.21606994e-01,5
4.19925004e-02,-2.09877994e-02,8.64671019e-04,3.21606994e-01,5
4.19925004e-02,-2.09877994e-02,8.64671019e-04,3.21606994e-01,5
1.12619996e-02,-4.92369011e-03,7.25176011e-04,3.23464990e-01,5
2.34409999e-02,-1.11996001e-02,6.07925991e-04,3.22908998e-01,5
2.34409999e-02,-1.11996001e-02,6.07925991e-04,3.22908998e-01,5
2.86308005e-02,-1.17923999e-02,-4.03581013e-04,3.22046012e-01,5
2.86308005e-02,-1.17923999e-02,-4.03581013e-04,3.22046012e-01,5
6.23124987e-02,-3.18568014e-02,3.21614998e-03,3.20524007e-01,5
7.54116997e-02,-3.96431014e-02,4.24459018e-03,3.21404010e-01,5
7.54116997e-02,-3.96431014e-02,4.24459018e-03,3.21404010e-01,5
9.03130993e-02,-5.52227013e-02,2.91793002e-03,3.21116000e-01,5
9.03130993e-02,-5.52227013e-02,2.91793002e-03,3.21116000e-01,5
4.56817001e-02,-2.53388993e-02,9.86445043e-03,3.20863992e-01,5
4.56817001e-02,-2.53388993e-02,9.86445043e-03,3.20863992e-01,5
5.47529012e-02,-3.04308999e-02,1.03208004e-02,3.21339011e-01,5
5.47529012e-02,-3.04308999e-02,1.03208004e-02,3.21339011e-01,5
6.09728992e-02,-2.77378000e-02,8.23764037e-03,3.17508996e-01,5
6.09728992e-02,-2.77378000e-02,8.23764037e-03,3.17508996e-01,5
4.36085984e-02,-1.97762996e-02,6.84884982e-03,3.19121003e-01,5
4.36085984e-02,-1.97762996e-02,6.84884982e-03,3.19121003e-01,5
4.36085984e-02,-1.97762996e-02,6.84884982e-03,3.19121003e-01,5
5.46662994e-02,-2.61237007e-02,9.52237006e-03,3.19456995e-01,5
5.46662994e-02,-2.61237007e-02,9.52237006e-03,3.19456995e-01,5
1.12832002e-01,-8.99986997e-02,9.65544954e-03,3.17992002e-01,5
1.12832002e-01,-8.99986997e-02,9.65544954e-03,3.17992002e-01,5
7.30689019e-02,-3.75230983e-02,1.04395002e-02,3.17793995e-01,5
7.30689019e-02,-3.75230983e-02,1.04395002e-02,3.17793995e-01,5
1.36321997e-02,-4.71355999e-03,5.84026973e-04,3.23036999e-01,5
6.74872994e-02,-3.29595990e-02,1.17389997e-02,3.20306003e-01,5
6.74872994e-02,-3.29595990e-02,1.17389997e-02,3.20306003e-01,5
1.30658999e-01,-1.14926003e-01,7.92156998e-03,3.18711013e-01,5
1.12370998e-01,-7.57327974e-02,1.02976998e-02,3.18558991e-01,5
1.12370998e-01,-7.57327974e-02,1.02976998e-02,3.18558991e-01,5
8.24173018e-02,-4.90640998e-02,9.74300038e-03,3.20410997e-01,5
8.24173018e-02,-4.90640998e-02,9.74300038e-03,3.20410997e-01,5
9.13228989e-02,-5.11496998e-02,1.21633997e-02,3.18010002e-01,5
9.13228989e-02,-5.11496998e-02,1.21633997e-02,3.18010002e-01,5
9.13228989e-02,-5.11496998e-02,1.21633997e-02,3.18010002e-01,5
1.41927004e-01,-1.07795998e-01,5.25532989e-03,3.14662009e-01,5
1.41927004e-01,-1.07795998e-01,5.25532989e-03,3.14662009e-01,5
1.37929007e-01,-1.10785000e-01,7.16703990e-03,3.16753000e-01,5
1.37929007e-01,-1.10785000e-01,7.16703990e-03,3.16753000e-01,5
1.60136998e-01,-1.31650999e-01,4.16391017e-03,3.14191997e-01,5
1.60136998e-01,-1.31650999e-01,4.16391017e-03,3.14191997e-01,5
1.47914007e-01,-1.38105005e-01,-9.30298958e-03,3.11569005e-01,5
1.47914007e-01,-1.38105005e-01,-9.30298958e-03,3.11569005e-01,5
1.47914007e-01,-1.38105005e-01,-9.30298958e-03,3.11569005e-01,5
1.47914007e-01,-1.38105005e-01,-9.30298958e-03,3.11569005e-01,5
1.24523997e-01,-2.08958000e-01,-2.45989002e-02,2.95767009e-01,5
2.79060006e-02,-3.90374996e-02,-4.96558007e-03,2.87858993e-01,5
2.79060006e-02,-3.90374996e-02,-4.96558007e-03,2.87858993e-01,5
1.02606997e-01,-1.50451005e-01,-8.48590955e-03,2.81524986e-01,5
1.02606997e-01,-1.50451005e-01,-8.48590955e-03,2.81524986e-01,5
1.66443005e-01,-2.45049000e-01,-3.32922004e-02,2.81219006e-01,5
1.66443005e-01,-2.45049000e-01,-3.32922004e-02,2.81219006e-01,5
1.66443005e-01,-2.45049000e-01,-3.32922004e-02,2.81219006e-01,5
1.20380998e-01,-1.78920001e-01,-1.71154998e-02,2.77920008e-01,5
7.13239983e-02,-1.04960002e-01,-1.36610996e-02,2.94202000e-01,5
4.26555015e-02,-6.31946027e-02,-9.88889020e-03,2.88491011e-01,5
4.26555015e-02,-6.31946027e-02,-9.88889020e-03,2.88491011e-01,5
1.84246004e-01,-2.79725999e-01,-4.45033982e-02,2.81585008e-01,5
1.84246004e-01,-2.79725999e-01,-4.45033982e-02,2.81585008e-01,5
1.02192998e-01,-1.72718003e-01,-2.61188000e-02,2.95668006e-01,5
1.02192998e-01,-1.72718003e-01,-2.61188000e-02,2.95668006e-01,5
9.18510035e-02,-1.47329003e-01,-2.08216999e-02,2.94755995e-01,5
9.18510035e-02,-1.47329003e-01,-2.08216999e-02,2.94755995e-01,5
4.39440012e-02,-7.18842000e-02,-1.25821996e-02,2.89927989e-01,5
4.39440012e-02,-7.18842000e-02,-1.25821996e-02,2.89927989e-01,5
3.14265996e-01,-3.42435002e-01,-2.42288001e-02,3.10694993e-01,5
3.14265996e-01,-3.42435002e-01,-2.42288001e-02,3.10694993e-01,5
2.07610995e-01,-2.16417998e-01,-1.73032992e-02,3.11504990e-01,5
2.07610995e-01,-2.16417998e-01,-1.73032992e-02,3.11504990e-01,5
2.07610995e-01,-2.16417998e-01,-1.73032992e-02,3.11504990e-01,5
3.05545986e-01,-3.95298004e-01,-3.77875008e-02,2.85210997e-01,5
3.05545986e-01,-3.95298004e-01,-3.77875008e-02,2.85210997e-01,5
2.91936994e-01,-3.77187014e-01,-3.20582017e-02,2.86738992e-01,5
2.91936994e-01,-3.77187014e-01,-3.20582017e-02,2.86738992e-01,5
3.94202992e-02,-2.41311006e-02,-6.98667020e-03,3.22254002e-01,5
3.94202992e-02,-2.41311006e-02,-6.98667020e-03,3.22254002e-01,5
2.12689996e-01,-2.37446994e-01,-1.37032997e-02,3.19344997e-01,5
2.12689996e-01,-2.37446994e-01,-1.37032997e-02,3.19344997e-01,5
2.12689996e-01,-2.37446994e-01,-1.37032997e-02,3.19344997e-01,5
2.12689996e-01,-2.37446994e-01,-1.37032997e-02,3.19344997e-01,5
3.69397998e-02,-2.17093006e-02,-1.27342995e-03,3.22789997e-01,5
3.69397998e-02,-2.17093006e-02,-1.27342995e-03,3.22789997e-01,5
2.06743002e-01,-2.26386994e-01,-9.63111036e-03,3.19779992e-01,5
2.06743002e-01,-2.26386994e-01,-9.63111036e-03,3.19779992e-01,5
2.06743002e-01,-2.26386994e-01,-9.63111036e-03,3.19779992e-01,5
2.62851000e-01,-2.89180994e-01,-1.77189000e-02,3.14805001e-01,5
2.62851000e-01,-2.89180994e-01,-1.77189000e-02,3.14805001e-01,5
3.08257997e-01,-3.31160992e-01,-2.12651007e-02,3.09060007e-01,5
3.08257997e-01,-3.31160992e-01,-2.12651007e-02,3.09060007e-01,5
3.08257997e-01,-3.31160992e-01,-2.12651007e-02,3.09060007e-01,5
2.58089989e-01,-2.78120995e-01,-1.57587007e-02,3.15295994e-01,5
2.58089989e-01,-2.78120995e-01,-1.57587007e-02,3.15295994e-01,5
1.80561006e-01,-1.85025007e-01,-2.90178997e-03,3.19981009e-01,5
1.80561006e-01,-1.85025007e-01,-2.90178997e-03,3.19981009e-01,5
1.80561006e-01,-1.85025007e-01,-2.90178997e-03,3.19981009e-01,5
3.45937982e-02,-1.93475001e-02,-6.42194005e-04,3.22782010e-01,5
3.45937982e-02,-1.93475001e-02,-6.42194005e-04,3.22782010e-01,5
1.95479006e-01,-2.07477003e-01,-5.49134007e-03,3.19889009e-01,5
1.95479006e-01,-2.07477003e-01,-5.49134007e-03,3.19889009e-01,5
1.95479006e-01,-2.07477003e-01,-5.49134007e-03,3.19889009e-01,5
2.32507005e-01,-2.34630004e-01,-1.07068997e-02,3.15804988e-01,5
2.32507005e-01,-2.34630004e-01,-1.07068997e-02,3.15804988e-01,5
2.97585994e-01,-3.11250001e-01,-1.89867001e-02,3.09536010e-01,5
2.97585994e-01,-3.11250001e-01,-1.89867001e-02,3.09536010e-01,5
2.47009993e-01,-2.57382005e-01,-1.42714996e-02,3.15587014e-01,5
2.47009993e-01,-2.57382005e-01,-1.42714996e-02,3.15587014e-01,5
2.65484005e-01,-2.57468998e-01,-1.27785997e-02,3.09955001e-01,5
2.65484005e-01,-2.57468998e-01,-1.27785997e-02,3.09955001e-01,5
2.39017993e-01,-2.50476003e-01,-1.96072999e-02,3.06484997e-01,5
2.39017993e-01,-2.50476003e-01,-1.96072999e-02,3.06484997e-01,5
8.80284980e-02,-6.12211004e-02,-6.10144017e-03,3.09872001e-01,5
8.80284980e-02,-6.12211004e-02,-6.10144017e-03,3.09872001e-01,5
2.61179991e-02,-1.54697997e-02,-3.95910023e-03,3.13035011e-01,5
2.61179991e-02,-1.54697997e-02,-3.95910023e-03,3.13035011e-01,5
7.64757991e-02,-5.25031015e-02,-7.89080001e-03,3.12370002e-01,5
7.64757991e-02,-5.25031015e-02,-7.89080001e-03,3.12370002e-01,5
4.55189012e-02,-7.19916001e-02,-6.35778997e-03,2.99870998e-01,5
4.55189012e-02,-7.19916001e-02,-6.35778997e-03,2.99870998e-01,5
5.12767993e-02,-8.87202993e-02,-4.40105982e-03,3.03182006e-01,5
5.12767993e-02,-8.87202993e-02,-4.40105982e-03,3.03182006e-01,5
9.16993022e-02,-1.13372996e-01,-3.47530004e-03,3.00310999e-01,5
9.16993022e-02,-1.13372996e-01,-3.47530004e-03,3.00310999e-01,5
3.68732996e-02,-4.21430990e-02,-1.81072997e-03,3.02962989e-01,5
3.68732996e-02,-4.21430990e-02,-1.81072997e-03,3.02962989e-01,5
1.78446006e-02,-2.58249007e-02,-6.42655999e-04,3.02868992e-01,5
1.04157999e-01,-1.26163006e-01,-5.64646022e-03,3.02830994e-01,5
1.04157999e-01,-1.26163006e-01,-5.64646022e-03,3.02830994e-01,5
6.70522004e-02,-1.04873002e-01,-3.25055001e-03,3.03310007e-01,5
6.70522004e-02,-1.04873002e-01,-3.25055001e-03,3.03310007e-01,5
2.64081992e-02,-3.07391994e-02,-2.63254996e-03,3.00927013e-01,5
2.64081992e-02,-3.07391994e-02,-2.63254996e-03,3.00927013e-01,5
2.25763991e-02,-4.10372987e-02,-3.00464989e-03,3.09065998e-01,5
2.25763991e-02,-4.10372987e-02,-3.00464989e-03,3.09065998e-01,5
3.39071006e-01,-3.67359996e-01,-2.45375000e-02,3.02983999e-01,5
1.37924001e-01,-2.07821995e-01,-1.35316001e-02,2.91166991e-01,5
1.37924001e-01,-2.07821995e-01,-1.35316001e-02,2.91166991e-01,5
8.42700973e-02,-7.42854998e-02,-1.24466000e-02,3.22880000e-01,5
8.42700973e-02,-7.42854998e-02,-1.24466000e-02,3.22880000e-01,5
3.88096012e-02,-2.34882999e-02,-4.64368984e-03,3.22566003e-01,5
3.88096012e-02,-2.34882999e-02,-4.64368984e-03,3.22566003e-01,5
1.05352998e-01,-9.55886021e-02,-1.42444996e-02,3.21752012e-01,5
1.05352998e-01,-9.55886021e-02,-1.42444996e-02,3.21752012e-01,5
8.28908980e-02,-7.27472007e-02,-8.78627039e-03,3.23150009e-01,5
8.28908980e-02,-7.27472007e-02,-8.78627039e-03,3.23150009e-01,5
1.03972003e-01,-9.39138979e-02,-1.02704996e-02,3.22061002e-01,5
1.03972003e-01,-9.39138979e-02,-1.02704996e-02,3.22061002e-01,5
1.66454002e-01,-1.51106998e-01,-1.72557998e-02,3.18682998e-01,5
1.66454002e-01,-1.51106998e-01,-1.72557998e-02,3.18682998e-01,5
1.37513995e-01,-1.23843998e-01,-1.60106998e-02,3.21155012e-01,5
1.37513995e-01,-1.23843998e-01,-1.60106998e-02,3.21155012e-01,5
1.34803995e-01,-1.20412000e-01,-1.18503999e-02,3.21476012e-01,5
1.34803995e-01,-1.20412000e-01,-1.18503999e-02,3.21476012e-01,5
1.34803995e-01,-1.20412000e-01,-1.18503999e-02,3.21476012e-01,5
1.63420007e-01,-1.47098005e-01,-1.31638004e-02,3.19103986e-01,5
3.80362011e-02,-2.26664003e-02,-2.74923001e-03,3.22712988e-01,5
3.80362011e-02,-2.26664003e-02,-2.74923001e-03,3.22712988e-01,5
7.86394998e-02,-6.74007013e-02,-2.30317004e-03,3.23408008e-01,5
7.86394998e-02,-6.74007013e-02,-2.30317004e-03,3.23408008e-01,5
8.10578018e-02,-7.03845024e-02,-5.12947980e-03,3.23256999e-01,5
8.10578018e-02,-7.03845024e-02,-5.12947980e-03,3.23256999e-01,5
1.02011003e-01,-9.10763964e-02,-6.28502015e-03,3.22147012e-01,5
1.02011003e-01,-9.10763964e-02,-6.28502015e-03,3.22147012e-01,5
9.96508002e-02,-8.77517015e-02,-3.07180989e-03,3.22301000e-01,5
9.96508002e-02,-8.77517015e-02,-3.07180989e-03,3.22301000e-01,5
1.31786004e-01,-1.15948997e-01,-7.70696998e-03,3.21511000e-01,5
1.31786004e-01,-1.15948997e-01,-7.70696998e-03,3.21511000e-01,5
1.28821999e-01,-1.11726001e-01,-4.29371977e-03,3.21673989e-01,5
1.28821999e-01,-1.11726001e-01,-4.29371977e-03,3.21673989e-01,5
4.77860011e-02,-3.05078998e-02,5.05837006e-03,3.23529005e-01,5
4.77860011e-02,-3.05078998e-02,5.05837006e-03,3.23529005e-01,5
5.65744005e-02,-3.93969007e-02,2.57429993e-03,3.23698014e-01,5
5.65744005e-02,-3.93969007e-02,2.57429993e-03,3.23698014e-01,5
7.24871010e-02,-4.81465012e-02,3.30965011e-03,3.22200000e-01,5
7.24871010e-02,-4.81465012e-02,3.30965011e-03,3.22200000e-01,5
8.47378969e-02,-6.34244978e-02,2.36384990e-03,3.21844995e-01,5
8.47378969e-02,-6.34244978e-02,2.36384990e-03,3.21844995e-01,5
2.69598998e-02,-1.36436000e-02,-1.14277995e-03,3.23255002e-01,5
7.41935968e-02,-6.11696988e-02,-1.38382005e-04,3.23347002e-01,5
7.41935968e-02,-6.11696988e-02,-1.38382005e-04,3.23347002e-01,5
6.39768019e-02,-4.83377017e-02,1.17068004e-03,3.23651999e-01,5
6.39768019e-02,-4.83377017e-02,1.17068004e-03,3.23651999e-01,5
6.39768019e-02,-4.83377017e-02,1.17068004e-03,3.23651999e-01,5
9.09318030e-02,-7.35351965e-02,1.08447997e-03,3.22075009e-01,5
9.09318030e-02,-7.35351965e-02,1.08447997e-03,3.22075009e-01,5
9.55983028e-02,-8.11619982e-02,-1.28072003e-04,3.22138011e-01,5
9.55983028e-02,-8.11619982e-02,-1.28072003e-04,3.22138011e-01,5
1.06227003e-01,-7.62394965e-02,2.02549994e-03,3.21204990e-01,5
1.06227003e-01,-7.62394965e-02,2.02549994e-03,3.21204990e-01,5
1.13007002e-01,-8.69603977e-02,1.95730990e-03,3.21164012e-01,5
1.13007002e-01,-8.69603977e-02,1.95730990e-03,3.21164012e-01,5
1.19131997e-01,-9.69832018e-02,6.79519027e-04,3.21480006e-01,5
1.19131997e-01,-9.69832018e-02,6.79519027e-04,3.21480006e-01,5
1.24040999e-01,-1.04089998e-01,-1.06697995e-03,3.21462005e-01,5
1.24040999e-01,-1.04089998e-01,-1.06697995e-03,3.21462005e-01,5
1.81115996e-02,-9.38916020e-03,-3.89292999e-03,3.24472994e-01,5
1.81115996e-02,-9.38916020e-03,-3.89292999e-03,3.24472994e-01,5
1.58044994e-02,-8.16306006e-03,-1.93048007e-04,3.24636012e-01,5
1.58044994e-02,-8.16306006e-03,-1.93048007e-04,3.24636012e-01,5
1.40920999e-02,-7.06594018e-03,2.09617006e-04,3.24503005e-01,5
1.40920999e-02,-7.06594018e-03,2.09617006e-04,3.24503005e-01,5
1.92234993e-01,-1.90672994e-01,-1.36249000e-02,3.01476985e-01,5
1.92234993e-01,-1.90672994e-01,-1.36249000e-02,3.01476985e-01,5
1.92234993e-01,-1.90672994e-01,-1.36249000e-02,3.01476985e-01,5
3.61876003e-02,-2.37534996e-02,-2.14130990e-03,3.07024986e-01,5
3.61876003e-02,-2.37534996e-02,-2.14130990e-03,3.07024986e-01,5
1.81709006e-01,-2.29791000e-01,-1.42363003e-02,3.06544006e-01,5
1.81709006e-01,-2.29791000e-01,-1.42363003e-02,3.06544006e-01,5
2.14398995e-01,-2.98532993e-01,-1.60284005e-02,2.89458990e-01,5
2.14398995e-01,-2.98532993e-01,-1.60284005e-02,2.89458990e-01,5
2.14398995e-01,-2.98532993e-01,-1.60284005e-02,2.89458990e-01,5
2.64580995e-01,-3.44379008e-01,-2.61310991e-02,2.88040996e-01,5
2.64580995e-01,-3.44379008e-01,-2.61310991e-02,2.88040996e-01,5
1.17718004e-01,-2.02837005e-01,-4.46722005e-03,3.05817991e-01,5
1.17718004e-01,-2.02837005e-01,-4.46722005e-03,3.05817991e-01,5
1.23019002e-01,-2.22353995e-01,-1.57006998e-02,3.10344994e-01,5
1.23019002e-01,-2.22353995e-01,-1.57006998e-02,3.10344994e-01,5
1.23019002e-01,-2.22353995e-01,-1.57006998e-02,3.10344994e-01,5
1.23019002e-01,-2.22353995e-01,-1.57006998e-02,3.10344994e-01,5
7.80064017e-02,-4.62873988e-02,6.95264013e-03,3.17077011e-01,5
7.80064017e-02,-4.62873988e-02,6.95264013e-03,3.17077011e-01,5
9.77929980e-02,-6.06109984e-02,6.44118013e-03,3.15793008e-01,5
9.77929980e-02,-6.06109984e-02,6.44118013e-03,3.15793008e-01,5
9.33855958e-03,-4.31997003e-03,-2.15124994e-04,3.15512002e-01,5
8.13283026e-02,-1.58904999e-01,-1.47142995e-03,3.05969000e-01,5
8.13283026e-02,-1.58904999e-01,-1.47142995e-03,3.05969000e-01,5
8.13283026e-02,-1.58904999e-01,-1.47142995e-03,3.05969000e-01,5
4.11011986e-02,-9.54020992e-02,-1.60397999e-02,2.91521013e-01,5
4.11011986e-02,-9.54020992e-02,-1.60397999e-02,2.91521013e-01,5
1.65493995e-01,-2.99248993e-01,-6.24402016e-02,2.80910999e-01,5
1.65493995e-01,-2.99248993e-01,-6.24402016e-02,2.80910999e-01,5
1.00371003e-01,-2.15517998e-01,-4.19918001e-02,2.99638003e-01,5
1.00371003e-01,-2.15517998e-01,-4.19918001e-02,2.99638003e-01,5
1.00371003e-01,-2.15517998e-01,-4.19918001e-02,2.99638003e-01,5
9.93541032e-02,-2.01523006e-01,-3.63546982e-02,2.97991008e-01,5
9.93541032e-02,-2.01523006e-01,-3.63546982e-02,2.97991008e-01,5
4.69539985e-02,-1.06641002e-01,-2.14862991e-02,2.92546004e-01,5
4.69539985e-02,-1.06641002e-01,-2.14862991e-02,2.92546004e-01,5
4.19556983e-02,-7.97557980e-02,-1.27219995e-02,2.90854990e-01,5
4.19556983e-02,-7.97557980e-02,-1.27219995e-02,2.90854990e-01,5
1.72444999e-01,-2.99436986e-01,-6.13938011e-02,2.80157000e-01,5
1.72444999e-01,-2.99436986e-01,-6.13938011e-02,2.80157000e-01,5
9.87301990e-02,-1.83736995e-01,-3.20950001e-02,2.96826988e-01,5
9.87301990e-02,-1.83736995e-01,-3.20950001e-02,2.96826988e-01,5
4.29770015e-02,-7.63705969e-02,-1.26043996e-02,2.90609002e-01,5
4.29770015e-02,-7.63705969e-02,-1.26043996e-02,2.90609002e-01,5
1.00008003e-01,-1.95004001e-01,-3.34535986e-02,2.97446012e-01,5
1.00008003e-01,-1.95004001e-01,-3.34535986e-02,2.97446012e-01,5
3.79023999e-02,-1.08098000e-01,-2.99034007e-02,2.97722012e-01,5
3.79023999e-02,-1.08098000e-01,-2.99034007e-02,2.97722012e-01,5
9.06720981e-02,-2.07757995e-01,-4.44637984e-02,3.01140010e-01,5
9.06720981e-02,-2.07757995e-01,-4.44637984e-02,3.01140010e-01,5
4.43348996e-02,-1.05948001e-01,-2.60013007e-02,2.94595987e-01,5
4.43348996e-02,-1.05948001e-01,-2.60013007e-02,2.94595987e-01,5
7.61473030e-02,-1.98312998e-01,-4.76303995e-02,3.03312004e-01,5
7.61473030e-02,-1.98312998e-01,-4.76303995e-02,3.03312004e-01,5
5.56629989e-03,-2.56190002e-02,-6.41496014e-03,3.14357996e-01,5
2.81146006e-03,-1.51316999e-02,-3.36861005e-03,3.15795004e-01,5
2.70913001e-02,-1.00668997e-01,-2.71800999e-02,2.99362987e-01,5
2.70913001e-02,-1.00668997e-01,-2.71800999e-02,2.99362987e-01,5
2.70913001e-02,-1.00668997e-01,-2.71800999e-02,2.99362987e-01,5
4.70853001e-02,-1.57755002e-01,-3.60205993e-02,3.07736993e-01,5
4.70853001e-02,-1.57755002e-01,-3.60205993e-02,3.07736993e-01,5
6.45181984e-02,-1.85884997e-01,-4.64335009e-02,3.04513991e-01,5
6.45181984e-02,-1.85884997e-01,-4.64335009e-02,3.04513991e-01,5
1.44074000e-02,-6.89624995e-02,-1.93373002e-02,3.03638011e-01,5
1.44074000e-02,-6.89624995e-02,-1.93373002e-02,3.03638011e-01,5
1.44074000e-02,-6.89624995e-02,-1.93373002e-02,3.03638011e-01,5
3.00635993e-02,-1.10919997e-01,-4.56999009e-03,3.14348996e-01,5
1.04235999e-01,-2.07548007e-01,-1.36213005e-02,2.98462987e-01,5
1.04235999e-01,-2.07548007e-01,-1.36213005e-02,2.98462987e-01,5
1.94662996e-02,-7.91604966e-02,-1.07249003e-02,3.11987013e-01,5
1.94662996e-02,-7.91604966e-02,-1.07249003e-02,3.11987013e-01,5
2.93003004e-02,-7.98979029e-02,-6.76835002e-03,2.95148998e-01,5
4.85015996e-02,-1.50279000e-01,-1.44562004e-02,3.13524991e-01,5
4.85015996e-02,-1.50279000e-01,-1.44562004e-02,3.13524991e-01,5
8.24688002e-02,-1.70172006e-01,-9.54375975e-03,2.99737006e-01,5
8.24688002e-02,-1.70172006e-01,-9.54375975e-03,2.99737006e-01,5
8.24688002e-02,-1.70172006e-01,-9.54375975e-03,2.99737006e-01,5
6.13215985e-03,-3.90947983e-02,-3.20528005e-03,3.14469993e-01,5
6.13215985e-03,-3.90947983e-02,-3.20528005e-03,3.14469993e-01,5
2.44037006e-02,-7.80306011e-02,-7.17786979e-03,3.13452989e-01,5
1.45295002e-02,-4.20010984e-02,-1.90804002e-03,2.97870010e-01,5
3.81743982e-02,-8.80549997e-02,-7.52042001e-03,2.99401999e-01,5
3.81743982e-02,-8.80549997e-02,-7.52042001e-03,2.99401999e-01,5
5.36203012e-02,-1.29280999e-01,-4.61779023e-03,2.99477011e-01,5
5.36203012e-02,-1.29280999e-01,-4.61779023e-03,2.99477011e-01,5
5.36203012e-02,-1.29280999e-01,-4.61779023e-03,2.99477011e-01,5
1.30508002e-02,-4.83791009e-02,-3.20278993e-03,3.13501000e-01,5
1.30508002e-02,-4.83791009e-02,-3.20278993e-03,3.13501000e-01,5
1.43732995e-01,-1.45896003e-01,-1.04139997e-02,2.99580008e-01,5
1.43732995e-01,-1.45896003e-01,-1.04139997e-02,2.99580008e-01,5
1.60185993e-01,-1.63755998e-01,-9.55746975e-03,2.96885014e-01,5
1.60185993e-01,-1.63755998e-01,-9.55746975e-03,2.96885014e-01,5
1.39870001e-02,-5.71483979e-03,-2.18034000e-03,3.20327997e-01,5
1.12283997e-01,-7.19664022e-02,-2.78808996e-02,3.17095011e-01,5
1.12283997e-01,-7.19664022e-02,-2.78808996e-02,3.17095011e-01,5
1.47561997e-01,-1.09704003e-01,-3.44780982e-02,3.14590991e-01,5
1.47561997e-01,-1.09704003e-01,-3.44780982e-02,3.14590991e-01,5
1.47561997e-01,-1.09704003e-01,-3.44780982e-02,3.14590991e-01,5
1.36939004e-01,-9.24502015e-02,-3.15093994e-02,3.14541996e-01,5
1.36939004e-01,-9.24502015e-02,-3.15093994e-02,3.14541996e-01,5
1.21363997e-01,-8.69693011e-02,-3.10362000e-02,3.17299992e-01,5
1.21363997e-01,-8.69693011e-02,-3.10362000e-02,3.17299992e-01,5
6.99746013e-02,-3.15030999e-02,-1.82726998e-02,3.18093002e-01,5
6.99746013e-02,-3.15030999e-02,-1.82726998e-02,3.18093002e-01,5
1.25307003e-02,-2.43810005e-03,-1.34217006e-03,3.18809003e-01,5
1.58897992e-02,-4.60486999e-03,-2.73913005e-03,3.19382012e-01,5
2.88132001e-02,-7.34320004e-03,-2.41490989e-03,3.18313986e-01,5
2.88132001e-02,-7.34320004e-03,-2.41490989e-03,3.18313986e-01,5
5.05740009e-02,-1.52912997e-02,-1.19690001e-02,3.17656010e-01,5
5.05740009e-02,-1.52912997e-02,-1.19690001e-02,3.17656010e-01,5
9.71037969e-02,-4.82521988e-02,-2.24955995e-02,3.15885007e-01,5
9.71037969e-02,-4.82521988e-02,-2.24955995e-02,3.15885007e-01,5
8.89965966e-02,-3.81002016e-02,-1.46303996e-02,3.13075006e-01,5
8.89965966e-02,-3.81002016e-02,-1.46303996e-02,3.13075006e-01,5
7.24027976e-02,-2.72805002e-02,-1.36719001e-02,3.15685987e-01,5
7.24027976e-02,-2.72805002e-02,-1.36719001e-02,3.15685987e-01,5
1.19055003e-01,-6.49389029e-02,-2.59384997e-02,3.13353002e-01,5
1.19055003e-01,-6.49389029e-02,-2.59384997e-02,3.13353002e-01,5
8.63830969e-02,-5.47864996e-02,-2.36086007e-02,3.18587989e-01,5
8.63830969e-02,-5.47864996e-02,-2.36086007e-02,3.18587989e-01,5
5.32144010e-02,-2.16582008e-02,-1.49544999e-02,3.18522006e-01,5
5.32144010e-02,-2.16582008e-02,-1.49544999e-02,3.18522006e-01,5
2.89498009e-02,-1.08704995e-02,-6.23383000e-03,3.19352001e-01,5
2.89498009e-02,-1.08704995e-02,-6.23383000e-03,3.19352001e-01,5
2.89498009e-02,-1.08704995e-02,-6.23383000e-03,3.19352001e-01,5
4.59675007e-02,-1.59207992e-02,-8.91816989e-03,3.17977995e-01,5
4.59675007e-02,-1.59207992e-02,-8.91816989e-03,3.17977995e-01,5
9.44596007e-02,-6.76207021e-02,-2.70530004e-02,3.18668008e-01,5
9.44596007e-02,-6.76207021e-02,-2.70530004e-02,3.18668008e-01,5
2.39831999e-01,-2.82875001e-01,-1.47593003e-02,2.92726994e-01,5
2.39831999e-01,-2.82875001e-01,-1.47593003e-02,2.92726994e-01,5
3.55084002e-01,-4.17506009e-01,-2.46782992e-02,3.02471995e-01,5
3.55084002e-01,-4.17506009e-01,-2.46782992e-02,3.02471995e-01,5
3.55084002e-01,-4.17506009e-01,-2.46782992e-02,3.02471995e-01,5
3.55084002e-01,-4.17506009e-01,-2.46782992e-02,3.02471995e-01,5
3.64962012e-01,-4.36327010e-01,-3.11098993e-02,2.94753999e-01,5
3.64962012e-01,-4.36327010e-01,-3.11098993e-02,2.94753999e-01,5
3.64962012e-01,-4.36327010e-01,-3.11098993e-02,2.94753999e-01,5
3.64962012e-01,-4.36327010e-01,-3.11098993e-02,2.94753999e-01,5
3.64962012e-01,-4.36327010e-01,-3.11098993e-02,2.94753999e-01,5
3.50024015e-01,-4.39260989e-01,-3.39098014e-02,2.85914987e-01,5
3.50024015e-01,-4.39260989e-01,-3.39098014e-02,2.85914987e-01,5
3.50024015e-01,-4.39260989e-01,-3.39098014e-02,2.85914987e-01,5
3.21200013e-01,-3.98838013e-01,-3.60289998e-02,2.76394993e-01,5
3.42260003e-01,-4.39828008e-01,-3.38476002e-02,2.85273999e-01,5
3.42260003e-01,-4.39828008e-01,-3.38476002e-02,2.85273999e-01,5
3.66784006e-01,-4.01479006e-01,-3.01711001e-02,2.99737990e-01,5
3.66784006e-01,-4.01479006e-01,-3.01711001e-02,2.99737990e-01,5
3.22353005e-01,-3.48497987e-01,-2.75208000e-02,3.05913001e-01,5
3.22353005e-01,-3.48497987e-01,-2.75208000e-02,3.05913001e-01,5
3.48242015e-01,-3.77254993e-01,-3.07564996e-02,3.00269008e-01,5
3.48242015e-01,-3.77254993e-01,-3.07564996e-02,3.00269008e-01,5
3.48242015e-01,-3.77254993e-01,-3.07564996e-02,3.00269008e-01,5
3.50827992e-01,-4.07566011e-01,-2.69604996e-02,3.04291993e-01,5
3.03781003e-01,-3.77777010e-01,-3.18085998e-02,2.80858010e-01,5
3.03781003e-01,-3.77777010e-01,-3.18085998e-02,2.80858010e-01,5
3.03781003e-01,-3.77777010e-01,-3.18085998e-02,2.80858010e-01,5
3.43629003e-01,-4.23328012e-01,-2.99621001e-02,2.87198007e-01,5
3.43629003e-01,-4.23328012e-01,-2.99621001e-02,2.87198007e-01,5
3.27219009e-01,-4.03838992e-01,-2.94723995e-02,2.89072007e-01,5
3.27219009e-01,-4.03838992e-01,-2.94723995e-02,2.89072007e-01,5
3.13414007e-01,-3.88974994e-01,-3.39566991e-02,2.78167993e-01,5
3.13414007e-01,-3.88974994e-01,-3.39566991e-02,2.78167993e-01,5
3.13414007e-01,-3.88974994e-01,-3.39566991e-02,2.78167993e-01,5
3.14410001e-01,-4.14148986e-01,-4.03912999e-02,2.84521013e-01,5
3.14410001e-01,-4.14148986e-01,-4.03912999e-02,2.84521013e-01,5
3.19483995e-01,-4.25772011e-01,-4.02594991e-02,2.83625990e-01,5
3.19483995e-01,-4.25772011e-01,-4.02594991e-02,2.83625990e-01,5
2.57153004e-01,-2.72343993e-01,-1.96770001e-02,3.11230004e-01,5
2.57153004e-01,-2.72343993e-01,-1.96770001e-02,3.11230004e-01,5
2.57153004e-01,-2.72343993e-01,-1.96770001e-02,3.11230004e-01,5
4.15284000e-02,-2.36965995e-02,-1.86514005e-03,3.06288987e-01,5
4.15284000e-02,-2.36965995e-02,-1.86514005e-03,3.06288987e-01,5
4.41001989e-02,-2.71722991e-02,-3.49648995e-03,3.05305004e-01,5
4.41001989e-02,-2.71722991e-02,-3.49648995e-03,3.05305004e-01,5
1.15076996e-01,-7.92357028e-02,-1.28400996e-02,3.03523004e-01,5
1.15076996e-01,-7.92357028e-02,-1.28400996e-02,3.03523004e-01,5
4.34123985e-02,-2.82883998e-02,-3.77179007e-03,3.03362012e-01,5
4.34123985e-02,-2.82883998e-02,-3.77179007e-03,3.03362012e-01,5
1.07749999e-01,-6.80643991e-02,-7.71495001e-03,3.06221008e-01,5
1.07749999e-01,-6.80643991e-02,-7.71495001e-03,3.06221008e-01,5
5.59591018e-02,-7.95819014e-02,8.25699011e-04,2.92544007e-01,5
5.59591018e-02,-7.95819014e-02,8.25699011e-04,2.92544007e-01,5
1.12715997e-01,-1.41930997e-01,3.60670988e-03,2.83540994e-01,5
1.12715997e-01,-1.41930997e-01,3.60670988e-03,2.83540994e-01,5
3.20326984e-02,-4.40242998e-02,2.71923002e-03,2.90275991e-01,5
3.20326984e-02,-4.40242998e-02,2.71923002e-03,2.90275991e-01,5
2.33267006e-02,-1.09473998e-02,-8.07593018e-03,3.20437998e-01,5
2.33267006e-02,-1.09473998e-02,-8.07593018e-03,3.20437998e-01,5
3.59544009e-02,-1.61313005e-02,-1.13388998e-02,3.19774985e-01,5
3.59544009e-02,-1.61313005e-02,-1.13388998e-02,3.19774985e-01,5
1.62059993e-01,-1.60990998e-01,-2.33753994e-02,3.16168010e-01,5
1.47416994e-01,-2.21463993e-01,-1.95828006e-02,2.82801986e-01,5
1.47416994e-01,-2.21463993e-01,-1.95828006e-02,2.82801986e-01,5
1.85806006e-01,-2.93302000e-01,-5.27148992e-02,2.80822992e-01,5
1.85806006e-01,-2.93302000e-01,-5.27148992e-02,2.80822992e-01,5
1.56985000e-01,-3.00211996e-01,-6.21162988e-02,2.83087999e-01,5
1.81263000e-01,-2.95911998e-01,-5.59443012e-02,2.78880000e-01,5
1.81263000e-01,-2.95911998e-01,-5.59443012e-02,2.78880000e-01,5
9.87285003e-03,-3.01996991e-03,-1.60033000e-04,3.19869995e-01,5
4.40314002e-02,-1.72844008e-02,3.82470991e-03,3.16659003e-01,5
4.40314002e-02,-1.72844008e-02,3.82470991e-03,3.16659003e-01,5
5.45866005e-02,-2.64043994e-02,2.17554998e-03,3.17384988e-01,5
5.45866005e-02,-2.64043994e-02,2.17554998e-03,3.17384988e-01,5
2.55830996e-02,-9.71290004e-03,1.50859996e-03,3.18830013e-01,5
2.55830996e-02,-9.71290004e-03,1.50859996e-03,3.18830013e-01,5
2.12504994e-02,-7.91419018e-03,1.02268001e-04,3.17001998e-01,5
2.12504994e-02,-7.91419018e-03,1.02268001e-04,3.17001998e-01,5
2.67887004e-02,-1.06940996e-02,5.20016001e-05,3.17362994e-01,5
1.16664998e-01,-7.58605003e-02,4.24813014e-03,3.13695014e-01,5
1.16664998e-01,-7.58605003e-02,4.24813014e-03,3.13695014e-01,5
6.87334016e-02,-3.61272991e-02,1.90750998e-03,3.16015989e-01,5
6.87334016e-02,-3.61272991e-02,1.90750998e-03,3.16015989e-01,5
8.56397972e-02,-4.77852002e-02,-9.23210988e-04,3.14484000e-01,5
8.56397972e-02,-4.77852002e-02,-9.23210988e-04,3.14484000e-01,5
1.56725999e-02,-7.66861998e-03,-1.35300006e-03,3.11708987e-01,5
1.56725999e-02,-7.66861998e-03,-1.35300006e-03,3.11708987e-01,5
6.18406013e-02,-3.03956997e-02,-2.01588008e-03,3.11154008e-01,5
6.18406013e-02,-3.03956997e-02,-2.01588008e-03,3.11154008e-01,5
3.59095000e-02,-1.64860003e-02,6.58239005e-04,3.15436989e-01,5
3.59095000e-02,-1.64860003e-02,6.58239005e-04,3.15436989e-01,5
3.59095000e-02,-1.64860003e-02,6.58239005e-04,3.15436989e-01,5
1.21526998e-02,-5.64442994e-03,-7.60484021e-04,3.14027011e-01,5
1.21526998e-02,-5.64442994e-03,-7.60484021e-04,3.14027011e-01,5
4.71809991e-02,-2.12245006e-02,-8.73294019e-04,3.14107001e-01,5
4.71809991e-02,-2.12245006e-02,-8.73294019e-04,3.14107001e-01,5
5.05639985e-02,-1.11993000e-01,-4.01788019e-03,3.03813010e-01,5
5.05639985e-02,-1.11993000e-01,-4.01788019e-03,3.03813010e-01,5
3.75183001e-02,-8.40372965e-02,8.94316006e-04,3.06836009e-01,5
3.75183001e-02,-8.40372965e-02,8.94316006e-04,3.06836009e-01,5
1.68587994e-02,-4.27507013e-02,-2.81672995e-03,3.05503011e-01,5
1.78245008e-02,-4.64080013e-02,-4.36571008e-03,3.01541001e-01,5
1.78245008e-02,-4.64080013e-02,-4.36571008e-03,3.01541001e-01,5
5.23430994e-03,-1.79942995e-02,-1.30829006e-03,3.13232005e-01,5
1.37687996e-01,-2.29875997e-01,-3.38556990e-03,3.05323005e-01,5
1.37687996e-01,-2.29875997e-01,-3.38556990e-03,3.05323005e-01,5
8.08660015e-02,-1.64275005e-01,-3.14464001e-03,3.03820014e-01,5
8.08660015e-02,-1.64275005e-01,-3.14464001e-03,3.03820014e-01,5
1.03459001e-01,-2.02206999e-01,8.41063971e-04,3.04192990e-01,5
1.03459001e-01,-2.02206999e-01,8.41063971e-04,3.04192990e-01,5
2.90612012e-01,-3.13520998e-01,-2.37003006e-02,3.11149001e-01,5
2.90612012e-01,-3.13520998e-01,-2.37003006e-02,3.11149001e-01,5
1.66563004e-01,-1.28424004e-01,1.21779996e-03,3.12458992e-01,5
1.66563004e-01,-1.28424004e-01,1.21779996e-03,3.12458992e-01,5
1.84434995e-01,-1.53128996e-01,-9.30636015e-04,3.11744988e-01,5
1.84434995e-01,-1.53128996e-01,-9.30636015e-04,3.11744988e-01,5
2.90387005e-01,-3.08091015e-01,-2.40481999e-02,3.06196004e-01,5
2.90387005e-01,-3.08091015e-01,-2.40481999e-02,3.06196004e-01,5
2.61723012e-01,-2.78378010e-01,-2.36300007e-02,3.01030993e-01,5
2.61723012e-01,-2.78378010e-01,-2.36300007e-02,3.01030993e-01,5
3.14754993e-01,-3.35907012e-01,-2.74346992e-02,3.00603986e-01,5
3.14754993e-01,-3.35907012e-01,-2.74346992e-02,3.00603986e-01,5
3.24692011e-01,-3.70171010e-01,-2.30864994e-02,3.04915011e-01,5
3.24692011e-01,-3.70171010e-01,-2.30864994e-02,3.04915011e-01,5
2.70325989e-01,-3.17584991e-01,-2.06818003e-02,3.05826008e-01,5
2.70325989e-01,-3.17584991e-01,-2.06818003e-02,3.05826008e-01,5
2.43789002e-01,-3.09460998e-01,-2.04189997e-02,2.96402991e-01,5
2.43789002e-01,-3.09460998e-01,-2.04189997e-02,2.96402991e-01,5
2.43789002e-01,-3.09460998e-01,-2.04189997e-02,2.96402991e-01,5
2.97183990e-01,-3.61483991e-01,-2.62349006e-02,2.94916004e-01,5
2.97183990e-01,-3.61483991e-01,-2.62349006e-02,2.94916004e-01,5
3.17952991e-01,-3.71856004e-01,-2.25568991e-02,3.00469995e-01,5
3.17952991e-01,-3.71856004e-01,-2.25568991e-02,3.00469995e-01,5
2.66169995e-01,-3.20894986e-01,-2.05745995e-02,3.01488996e-01,5
2.66169995e-01,-3.20894986e-01,-2.05745995e-02,3.01488996e-01,5
2.64232997e-02,-6.87436992e-03,-4.26508998e-03,3.16929013e-01,5
4.29739989e-02,-1.59485992e-02,-5.25682000e-03,3.12777013e-01,5
4.29739989e-02,-1.59485992e-02,-5.25682000e-03,3.12777013e-01,5
3.65532003e-02,-1.11370999e-02,-4.59257001e-03,3.15331012e-01,5
3.65532003e-02,-1.11370999e-02,-4.59257001e-03,3.15331012e-01,5
3.65532003e-02,-1.11370999e-02,-4.59257001e-03,3.15331012e-01,5
3.51594016e-02,-1.76710002e-02,-4.06861014e-04,3.09368014e-01,5
3.51594016e-02,-1.76710002e-02,-4.06861014e-04,3.09368014e-01,5
3.51594016e-02,-1.76710002e-02,-4.06861014e-04,3.09368014e-01,5
7.65058026e-02,-4.09185998e-02,-4.01251996e-03,3.12005997e-01,5
7.65058026e-02,-4.09185998e-02,-4.01251996e-03,3.12005997e-01,5
2.26999000e-02,-1.05737997e-02,3.19515006e-04,3.12339991e-01,5
9.60133001e-02,-5.56840003e-02,-8.11261963e-03,3.08921993e-01,5
9.60133001e-02,-5.56840003e-02,-8.11261963e-03,3.08921993e-01,5
2.16562003e-02,-1.11737996e-02,-1.05099997e-03,3.06531996e-01,5
6.26384020e-02,-2.44254004e-02,-4.04821988e-03,3.10606986e-01,5
6.26384020e-02,-2.44254004e-02,-4.04821988e-03,3.10606986e-01,5
1.18052000e-02,-4.75904020e-03,-3.67252011e-04,3.10963005e-01,5
1.18052000e-02,-4.75904020e-03,-3.67252011e-04,3.10963005e-01,5
1.19038997e-02,-1.20548001e-02,-2.22406001e-04,2.83605993e-01,5
1.97117999e-02,-2.20004991e-02,1.00853003e-03,2.90100992e-01,5
1.97117999e-02,-2.20004991e-02,1.00853003e-03,2.90100992e-01,5
1.10390998e-01,-1.22307003e-01,-4.20098985e-03,2.88280010e-01,5
1.10390998e-01,-1.22307003e-01,-4.20098985e-03,2.88280010e-01,5
1.62714005e-01,-2.01401994e-01,-5.25429007e-03,2.91480005e-01,5
1.62714005e-01,-2.01401994e-01,-5.25429007e-03,2.91480005e-01,5
1.40180007e-01,-1.88868001e-01,-3.41776991e-03,2.91213006e-01,5
1.40180007e-01,-1.88868001e-01,-3.41776991e-03,2.91213006e-01,5
1.12609997e-01,-1.28097996e-01,-1.79129001e-03,2.91442007e-01,5
1.12609997e-01,-1.28097996e-01,-1.79129001e-03,2.91442007e-01,5
1.63170993e-01,-1.98130995e-01,-9.61063989e-03,2.88556993e-01,5
1.63170993e-01,-1.98130995e-01,-9.61063989e-03,2.88556993e-01,5
8.29593018e-02,-1.06197000e-01,-5.61714987e-04,2.91685998e-01,5
8.29593018e-02,-1.06197000e-01,-5.61714987e-04,2.91685998e-01,5
4.19230014e-02,-4.05514017e-02,-2.06204993e-03,2.88037002e-01,5
4.19230014e-02,-4.05514017e-02,-2.06204993e-03,2.88037002e-01,5
4.44151983e-02,-4.43401001e-02,-1.99076007e-04,2.91530013e-01,5
4.44151983e-02,-4.43401001e-02,-1.99076007e-04,2.91530013e-01,5
2.54189000e-02,-2.98526008e-02,1.33600004e-03,2.91900009e-01,5
2.54189000e-02,-2.98526008e-02,1.33600004e-03,2.91900009e-01,5
5.20879999e-02,-6.11172989e-02,1.61514001e-03,2.84224004e-01,5
5.20879999e-02,-6.11172989e-02,1.61514001e-03,2.84224004e-01,5
1.35018006e-01,-1.73825994e-01,5.13172988e-03,2.88289994e-01,5
1.35018006e-01,-1.73825994e-01,5.13172988e-03,2.88289994e-01,5
7.51087964e-02,-9.09164995e-02,2.97613000e-03,2.89599001e-01,5
7.51087964e-02,-9.09164995e-02,2.97613000e-03,2.89599001e-01,5
2.66741998e-02,-2.87587997e-02,2.85407994e-03,2.82902002e-01,5
9.76950973e-02,-7.08741024e-02,-6.81093009e-03,3.06878000e-01,5
9.76950973e-02,-7.08741024e-02,-6.81093009e-03,3.06878000e-01,5
1.05585001e-01,-9.59160030e-02,-6.54722005e-03,3.06410015e-01,5
1.05585001e-01,-9.59160030e-02,-6.54722005e-03,3.06410015e-01,5
3.89230996e-02,-2.92502996e-02,-2.96163000e-03,3.08818012e-01,5
3.89230996e-02,-2.92502996e-02,-2.96163000e-03,3.08818012e-01,5
9.97835994e-02,-8.71032029e-02,-9.25275963e-03,3.08793992e-01,5
9.97835994e-02,-8.71032029e-02,-9.25275963e-03,3.08793992e-01,5
4.08111997e-02,-3.33717018e-02,-1.84394000e-03,3.06234002e-01,5
4.08111997e-02,-3.33717018e-02,-1.84394000e-03,3.06234002e-01,5
1.10234998e-01,-1.03699997e-01,-1.02294004e-02,3.04064989e-01,5
1.10234998e-01,-1.03699997e-01,-1.02294004e-02,3.04064989e-01,5
1.10234998e-01,-1.03699997e-01,-1.02294004e-02,3.04064989e-01,5
1.13940999e-01,-1.10201001e-01,-7.45715993e-03,3.01541001e-01,5
4.19051982e-02,-3.57902013e-02,-2.40946002e-03,3.03959996e-01,5
4.19051982e-02,-3.57902013e-02,-2.40946002e-03,3.03959996e-01,5
1.03514999e-01,-1.17748000e-01,-6.74927002e-03,3.06677997e-01,5
3.87169011e-02,-4.26141992e-02,-1.89553003e-03,3.04879993e-01,5
3.87169011e-02,-4.26141992e-02,-1.89553003e-03,3.04879993e-01,5
1.03990003e-01,-1.22414000e-01,-4.02243016e-03,3.04553002e-01,5
1.03990003e-01,-1.22414000e-01,-4.02243016e-03,3.04553002e-01,5
1.03990003e-01,-1.22414000e-01,-4.02243016e-03,3.04553002e-01,5
3.85661982e-02,-4.05460000e-02,-2.56146002e-03,3.06989998e-01,5
3.85661982e-02,-4.05460000e-02,-2.56146002e-03,3.06989998e-01,5
5.93445003e-02,-4.68874983e-02,-5.07149985e-03,2.98974007e-01,5
1.68059003e-02,-2.40968000e-02,9.95259965e-04,2.93424010e-01,5
1.88167002e-02,-9.98890959e-03,-5.66392997e-03,3.23933005e-01,5
1.88167002e-02,-9.98890959e-03,-5.66392997e-03,3.23933005e-01,5
2.68805996e-02,-1.41762998e-02,-9.33177024e-03,3.21040988e-01,5
2.68805996e-02,-1.41762998e-02,-9.33177024e-03,3.21040988e-01,5
1.53859004e-01,-1.20047003e-01,-1.80079006e-02,3.11239988e-01,5
1.53859004e-01,-1.20047003e-01,-1.80079006e-02,3.11239988e-01,5
1.53859004e-01,-1.20047003e-01,-1.80079006e-02,3.11239988e-01,5
1.53859004e-01,-1.20047003e-01,-1.80079006e-02,3.11239988e-01,5
2.37165004e-01,-2.47814000e-01,-2.04748996e-02,3.06829005e-01,5
2.37165004e-01,-2.47814000e-01,-2.04748996e-02,3.06829005e-01,5
2.02888995e-01,-2.04123005e-01,-1.94003005e-02,3.11906993e-01,5
2.02888995e-01,-2.04123005e-01,-1.94003005e-02,3.11906993e-01,5
2.02888995e-01,-2.04123005e-01,-1.94003005e-02,3.11906993e-01,5
2.02888995e-01,-2.04123005e-01,-1.94003005e-02,3.11906993e-01,5
3.94981988e-02,-2.46482007e-02,-9.19969007e-03,3.21761012e-01,5
3.94981988e-02,-2.46482007e-02,-9.19969007e-03,3.21761012e-01,5
2.12155998e-01,-2.37996995e-01,-1.89350992e-02,3.18587005e-01,5
2.12155998e-01,-2.37996995e-01,-1.89350992e-02,3.18587005e-01,5
2.12155998e-01,-2.37996995e-01,-1.89350992e-02,3.18587005e-01,5
3.82017009e-02,-2.03377008e-02,-1.23749003e-02,3.20421010e-01,5
3.82017009e-02,-2.03377008e-02,-1.23749003e-02,3.20421010e-01,5
1.91066995e-01,-2.09046006e-01,-2.14559995e-02,3.17232013e-01,5
1.91066995e-01,-2.09046006e-01,-2.14559995e-02,3.17232013e-01,5
1.91066995e-01,-2.09046006e-01,-2.14559995e-02,3.17232013e-01,5
2.78081000e-01,-3.06672007e-01,-2.01118998e-02,3.07417005e-01,5
2.78081000e-01,-3.06672007e-01,-2.01118998e-02,3.07417005e-01,5
2.57407993e-01,-2.83425003e-01,-1.79798007e-02,3.13836992e-01,5
2.57407993e-01,-2.83425003e-01,-1.79798007e-02,3.13836992e-01,5
2.40790993e-01,-2.61723995e-01,-1.90287009e-02,3.12999010e-01,5
2.40790993e-01,-2.61723995e-01,-1.90287009e-02,3.12999010e-01,5
2.64752001e-01,-2.84334004e-01,-1.53195998e-02,3.01676989e-01,5
2.64752001e-01,-2.84334004e-01,-1.53195998e-02,3.01676989e-01,5
1.82628006e-01,-2.69239008e-01,-2.68951003e-02,2.89011002e-01,5
1.82628006e-01,-2.69239008e-01,-2.68951003e-02,2.89011002e-01,5
1.82628006e-01,-2.69239008e-01,-2.68951003e-02,2.89011002e-01,5
9.79911014e-02,-1.41804993e-01,-5.64510981e-03,2.91725010e-01,5
9.79911014e-02,-1.41804993e-01,-5.64510981e-03,2.91725010e-01,5
1.39100999e-01,-2.05035001e-01,-1.29354997e-02,2.84633994e-01,5
1.39100999e-01,-2.05035001e-01,-1.29354997e-02,2.84633994e-01,5
6.65820986e-02,-9.78507996e-02,1.25653995e-03,2.89802015e-01,5
6.65820986e-02,-9.78507996e-02,1.25653995e-03,2.89802015e-01,5
1.93317994e-01,-2.84249991e-01,-3.34637016e-02,2.87952989e-01,5
1.93317994e-01,-2.84249991e-01,-3.34637016e-02,2.87952989e-01,5
2.12180004e-01,-3.19743991e-01,-6.26126975e-02,2.87045985e-01,5
2.12180004e-01,-3.19743991e-01,-6.26126975e-02,2.87045985e-01,5
1.19157001e-01,-1.10976003e-01,-1.24289002e-02,3.03000987e-01,5
1.19157001e-01,-1.10976003e-01,-1.24289002e-02,3.03000987e-01,5
4.82827984e-02,-3.92609984e-02,-4.98457020e-03,3.02789986e-01,5
1.12113997e-01,-1.19015001e-01,-6.55246992e-03,2.93940991e-01,5
1.12113997e-01,-1.19015001e-01,-6.55246992e-03,2.93940991e-01,5
1.67414993e-01,-1.91540003e-01,-7.91881979e-03,2.94335991e-01,5
1.67414993e-01,-1.91540003e-01,-7.91881979e-03,2.94335991e-01,5
2.31056005e-01,-2.69006014e-01,-1.35626001e-02,2.96667993e-01,5
2.31056005e-01,-2.69006014e-01,-1.35626001e-02,2.96667993e-01,5
2.31056005e-01,-2.69006014e-01,-1.35626001e-02,2.96667993e-01,5
2.31056005e-01,-2.69006014e-01,-1.35626001e-02,2.96667993e-01,5
2.11009994e-01,-2.81394988e-01,-1.38502996e-02,2.95603991e-01,5
2.11009994e-01,-2.81394988e-01,-1.38502996e-02,2.95603991e-01,5
2.11009994e-01,-2.81394988e-01,-1.38502996e-02,2.95603991e-01,5
3.07601005e-01,-3.61930996e-01,-2.38390993e-02,2.92189002e-01,5
3.07601005e-01,-3.61930996e-01,-2.38390993e-02,2.92189002e-01,5
3.02049994e-01,-3.54833007e-01,-1.63252000e-02,2.96555012e-01,5
3.02049994e-01,-3.54833007e-01,-1.63252000e-02,2.96555012e-01,5
2.76342988e-01,-3.52829993e-01,-2.16358006e-02,2.94997007e-01,5
2.76342988e-01,-3.52829993e-01,-2.16358006e-02,2.94997007e-01,5
