"U:0","U:1","U:2","p","Points:0","Points:1","Points:2"
0.026796,-0.059943,0.010466,0.084632,0.01461,-0.034761,-0.0063789
0.023077,-0.048061,0.0098194,0.084506,0.014611,-0.034769,-0.0065051
0.013779,-0.039354,0.0037566,0.084674,0.014482,-0.034822,-0.0063787
0.012688,-0.031402,0.0032757,0.084453,0.014485,-0.034829,-0.0065048
0.009231,-0.028936,0.0018531,0.084423,0.014483,-0.034825,-0.0064419
0.11959,-0.21532,0.039092,0.084666,0.014996,-0.034569,-0.0062538
0.15717,-0.2747,0.073382,0.083669,0.014996,-0.034587,-0.0065071
0.20854,-0.33503,0.057808,0.084406,0.015143,-0.0345,-0.0062542
0.25101,-0.41069,0.081032,0.082918,0.015179,-0.0345,-0.0065072
0.017663,-0.085991,-0.00096949,0.085023,0.014571,-0.034753,-0.0059979
0.011332,-0.08076,-0.0049566,0.085042,0.014548,-0.034755,-0.0058703
0.011287,-0.065486,-0.0016023,0.084995,0.014481,-0.034796,-0.0059968
0.005836,-0.059173,-0.0040321,0.08489,0.014484,-0.034785,-0.0058688
0.0075091,-0.059799,-0.0028393,0.084931,0.014482,-0.034791,-0.0059323
0.052629,-0.1555,-0.0069455,0.085356,0.014997,-0.034534,-0.0057492
0.16594,-0.30769,0.036091,0.0858,0.015108,-0.034499,-0.0060015
0.10363,-0.21726,0.017777,0.085216,0.014997,-0.034552,-0.0060011
0.077469,-0.18224,0.0020648,0.086518,0.015074,-0.034498,-0.0057494
0.0051693,-0.033624,-0.012579,0.084935,0.014508,-0.034749,-0.0054999
0.0060366,-0.021293,-0.010979,0.084888,0.0145,-0.034749,-0.0054417
0.0062123,-0.022714,-0.0078401,0.084676,0.014498,-0.034754,-0.0054999
0.035129,0.0020331,-0.040549,0.084665,0.014996,-0.0345,-0.0052473
0.021456,-0.053307,-0.028706,0.086565,0.01504,-0.034496,-0.0054982
0.022885,-0.054862,-0.027692,0.08489,0.014997,-0.034517,-0.0054981
0.016681,0.020492,-0.041896,0.086999,0.015004,-0.034496,-0.0052473
0.0012941,-0.0078796,0.0079409,0.089404,0.016017,-0.033998,-0.0049934
0.0027304,-0.0071721,0.0062142,0.089216,0.016017,-0.033998,-0.0049932
-0.0010119,-0.00094717,0.0073045,0.08913,0.016019,-0.033993,-0.0049292
0.00013559,-0.0034632,0.0069285,0.089237,0.01608,-0.033968,-0.0049929
-0.00073463,-0.00056659,0.0040806,0.089194,0.016083,-0.033962,-0.0049284
-0.0019733,-0.021284,-0.0037292,0.084553,0.01437,-0.034823,-0.0056271
-0.0012385,-0.017925,-0.0036611,0.084556,0.014373,-0.034817,-0.0055639
-0.00043697,-0.031532,-0.0056506,0.0847,0.014432,-0.034793,-0.0056248
0.0023594,-0.041122,-0.0071344,0.084739,0.014494,-0.034764,-0.0056238
0.00031306,-0.017833,-0.0045987,0.084597,0.014376,-0.034812,-0.0055009
0.0048936,-0.004165,-0.0072971,0.084591,0.014377,-0.034802,-0.0053755
0.0057776,-0.010117,-0.010517,0.084915,0.014491,-0.034748,-0.0053753
0.0029314,-0.011115,-0.0057669,0.084569,0.014377,-0.034807,-0.0054382
0.0038177,-0.016072,-0.0091111,0.084893,0.0145,-0.034749,-0.0054378
-6.6848e-05,-0.0021098,0.005342,0.089096,0.016001,-0.033997,-0.0048656
-0.0014251,0.0005741,0.0046215,0.089107,0.016019,-0.033988,-0.0048656
0.0049558,0.014586,-0.0068574,0.088428,0.015407,-0.034244,-0.0043569
0.0083644,0.024353,-0.014299,0.08851,0.01543,-0.034242,-0.0044887
0.0014739,0.010867,-0.0045061,0.088514,0.015507,-0.034196,-0.0043559
0.0029302,0.01868,-0.010076,0.088587,0.015505,-0.034206,-0.0044886
0.0013036,0.01057,-0.0043665,0.088648,0.015639,-0.034143,-0.0044906
0.00061361,0.0061581,-0.0019248,0.088516,0.015642,-0.034133,-0.004359
0.0012456,0.0078605,-0.0029744,0.088562,0.015641,-0.034137,-0.0044257
0.022732,-0.045003,0.010206,0.084257,0.014612,-0.034777,-0.0066306
0.0077914,-0.020748,0.00049828,0.083871,0.014488,-0.034836,-0.0066292
0.0079253,-0.021521,0.00088714,0.084124,0.014487,-0.034832,-0.006567
0.014664,-0.033649,0.0039461,0.084276,0.01455,-0.034807,-0.00663
0.16808,-0.37556,0.10853,0.081439,0.014996,-0.034604,-0.0067601
0.17765,-0.33777,0.096911,0.083103,0.014994,-0.034596,-0.0066338
0.22053,-0.46823,0.109,0.080557,0.015124,-0.034543,-0.00676
0.25702,-0.48849,0.099484,0.080487,0.015217,-0.034499,-0.0067596
0.32835,-0.54941,0.092637,0.082547,0.015255,-0.034464,-0.0065072
0.33141,-0.6292,0.098757,0.079715,0.015253,-0.034482,-0.0067595
0.36906,-0.62614,0.1067,0.080009,0.015512,-0.034342,-0.0065071
0.34433,-0.66424,0.11991,0.08532,0.01551,-0.03436,-0.0067594
0.36979,-0.65722,0.11657,0.081991,0.015511,-0.034351,-0.0066334
0.35223,-0.66641,0.10078,0.082435,0.015382,-0.034421,-0.0067597
0.057847,-0.11951,0.045767,0.068324,0.016025,-0.034102,-0.0065606
0.034383,-0.074845,0.030485,0.081061,0.016023,-0.034103,-0.0065671
0.05891,-0.11915,0.046878,0.072843,0.01602,-0.034105,-0.0065673
0.0067256,-0.0019426,-0.0046915,0.081631,0.014613,-0.034803,-0.007014
0.0040482,0.0025597,-0.0037921,0.081149,0.014607,-0.034811,-0.0070881
0.0027939,-0.00060971,-0.0038892,0.081778,0.014544,-0.034836,-0.0070149
0.090387,-0.25481,0.067815,0.076985,0.014994,-0.034622,-0.0070132
0.10323,-0.30072,0.077884,0.076967,0.014996,-0.034622,-0.0070132
0.08323,-0.22842,0.052994,0.076212,0.014996,-0.034622,-0.0070219
0.018378,-0.11363,0.0065266,0.073589,0.015248,-0.034514,-0.0071966
0.001462,-0.042441,-0.0011134,0.072536,0.015248,-0.034518,-0.0072472
0.020922,-0.092195,0.0050234,0.071397,0.015185,-0.034544,-0.0071941
0.0051793,-0.037522,-0.0014747,0.070884,0.015185,-0.034547,-0.0072438
0.13321,-0.39805,0.084397,0.077496,0.015123,-0.034561,-0.0070093
0.073091,-0.23079,0.038212,0.073588,0.015122,-0.03457,-0.0071316
0.04144,-0.080668,0.014147,0.074579,0.014996,-0.03463,-0.0071394
0.06302,-0.17006,0.032996,0.073713,0.015016,-0.034621,-0.0071377
0.08123,-0.21933,0.047001,0.075805,0.014996,-0.034626,-0.0070764
0.062647,-0.17904,0.030481,0.07266,0.015059,-0.0346,-0.0071333
0.0081005,-0.010549,-0.00089752,0.072285,0.015015,-0.034627,-0.0072264
0.0096198,-0.020058,-0.0015543,0.069462,0.015064,-0.034604,-0.0072329
0.022145,-0.04282,0.0029326,0.071558,0.015041,-0.034613,-0.0071999
0.021932,-0.057197,0.0021842,0.069836,0.01506,-0.034604,-0.0071935
0.17169,-0.49919,0.094558,0.079637,0.015251,-0.0345,-0.0070094
0.087523,-0.31799,0.047545,0.076851,0.015249,-0.03451,-0.0071336
0.072135,-0.25752,0.037165,0.074266,0.015185,-0.03454,-0.0071319
-0.0015192,-0.053428,-0.0010065,0.070602,0.015294,-0.034496,-0.0072505
0.028623,-0.16683,0.014191,0.071795,0.015289,-0.034495,-0.0071985
0.13948,-0.43373,0.073961,0.073797,0.015281,-0.034495,-0.0071345
0.21443,-0.57095,0.097551,0.079002,0.01526,-0.034496,-0.0070095
0.0070719,0.0024647,-0.0039518,0.080964,0.014679,-0.034776,-0.0070795
0.0030271,0.0036921,-0.0020789,0.081074,0.014641,-0.034798,-0.0071268
0.0038959,0.003004,-0.0017222,0.080886,0.014687,-0.034777,-0.0071444
0.016856,-0.013464,-0.002591,0.079333,0.014735,-0.03475,-0.0070792
0.012725,-0.0076342,-0.0049592,0.0818,0.014678,-0.034773,-0.0070155
0.023362,-0.040194,0.0068393,0.080648,0.014724,-0.034751,-0.0070152
0.01248,-0.0026747,-0.0025731,0.079191,0.014741,-0.034747,-0.0070864
0.0070513,0.0023554,-0.0022045,0.080625,0.01473,-0.034757,-0.0071533
0.0042271,0.00053061,-0.0013718,0.079111,0.014747,-0.03475,-0.0071668
0.045008,-0.10436,0.026764,0.078602,0.014742,-0.034742,-0.007015
0.024828,-0.029964,0.0019405,0.077187,0.014743,-0.034746,-0.0070791
-0.0048524,-0.060115,-0.00099683,0.069136,0.015311,-0.034488,-0.0072517
0.016176,-0.14006,0.01074,0.070281,0.015312,-0.034484,-0.0071995
-0.0078682,-0.060604,-0.001382,0.073607,0.015375,-0.034458,-0.0072529
0.016351,-0.16612,0.0084249,0.075098,0.015375,-0.034454,-0.0072003
0.088258,-0.33052,0.048635,0.07114,0.015312,-0.03448,-0.0071353
0.12856,-0.42111,0.066793,0.077188,0.015376,-0.034449,-0.0071361
-0.0079982,-0.057914,-0.00084609,0.077732,0.015436,-0.034429,-0.0072438
0.0033309,-0.12263,0.0024634,0.078628,0.015439,-0.034424,-0.0071973
0.082378,-0.33406,0.039707,0.080434,0.01544,-0.034419,-0.0071358
0.044437,-0.25168,0.019028,0.084658,0.015505,-0.034388,-0.0071377
-0.00081866,-0.10407,-0.00082196,0.082901,0.015503,-0.034393,-0.0071978
0.021542,-0.13969,0.0030142,0.093515,0.015633,-0.034328,-0.0071385
0.012308,-0.088521,0.0021606,0.096393,0.015694,-0.034299,-0.0071326
0.0009557,-0.060552,-0.0049914,0.092124,0.015627,-0.034334,-0.0071915
-0.0025861,-0.081349,-0.0079334,0.090052,0.0156,-0.034348,-0.0072072
0.029817,-0.18384,0.005154,0.092541,0.015579,-0.034354,-0.0071418
-0.0043097,-0.095114,-0.0062462,0.086574,0.015581,-0.034358,-0.0072168
0.031683,-0.20693,0.0085876,0.089931,0.01557,-0.034358,-0.0071423
0.06791,-0.25294,0.030219,0.09623,0.015634,-0.034323,-0.0070747
0.041612,-0.16216,0.019235,0.098451,0.015698,-0.034292,-0.0070721
0.040157,-0.12824,0.030792,0.10141,0.015779,-0.034251,-0.0070241
0.022346,-0.086777,0.011959,0.099786,0.015756,-0.034265,-0.0070664
0.070896,-0.21357,0.041664,0.10034,0.015702,-0.034286,-0.0070109
0.13724,-0.37137,0.066571,0.098015,0.015636,-0.034317,-0.0070115
0.00080952,-0.0024832,-0.00098185,0.084374,0.014357,-0.034886,-0.0064421
0.0007798,-0.0015263,-0.0011444,0.084235,0.014348,-0.034895,-0.0065189
0.00018617,-0.00080061,-0.00055634,0.08434,0.014314,-0.034905,-0.0064321
0.0010763,-0.0044149,-0.00090026,0.084507,0.014355,-0.034882,-0.0063787
0.00024083,-0.0013951,-0.00066668,0.084453,0.014304,-0.034906,-0.0063764
0.0012223,-0.0085916,-0.00077967,0.084562,0.014352,-0.034876,-0.006267
0.00020767,-0.0029564,-0.00040777,0.084601,0.014285,-0.034906,-0.0062504
7.7488e-05,-0.0050683,-0.0005328,0.084554,0.01435,-0.034876,-0.0062526
0.0011865,-0.0061923,-0.0006567,0.084593,0.014352,-0.034879,-0.0063158
0.00024676,-0.0021927,-0.00056515,0.084537,0.014295,-0.034906,-0.0063162
0.0023503,-0.017102,-0.0010907,0.084587,0.014351,-0.034875,-0.0062527
-0.00038342,-0.0069496,0.00057868,0.08464,0.014285,-0.034889,-0.0059961
-5.7168e-05,-0.0075723,9.3094e-05,0.084622,0.014317,-0.034878,-0.0060602
-0.00012119,-0.0058528,0.0004302,0.084659,0.014286,-0.034893,-0.00606
-0.00033192,-0.0083492,0.00014995,0.08459,0.014308,-0.034878,-0.005996
0.00081287,-0.018746,-0.00080675,0.084634,0.014349,-0.034858,-0.005996
0.0013297,-0.018239,-0.00063433,0.084646,0.01435,-0.034863,-0.0060608
0.0017593,-0.018729,-0.00054365,0.084687,0.014351,-0.034866,-0.0061246
-1.1427e-05,-0.0069987,-0.00011889,0.084631,0.014334,-0.034875,-0.006125
4.7e-05,-0.0049074,0.00016582,0.08467,0.014283,-0.034899,-0.006126
0.0012415,-0.014438,-0.00069121,0.084639,0.014351,-0.034871,-0.0061887
-8.6159e-05,-0.0061583,-0.00031768,0.084619,0.014333,-0.034879,-0.0061885
0.00013968,-0.003933,-9.2716e-05,0.084661,0.014281,-0.034904,-0.006188
0.06548,-0.14222,0.057133,0.080146,0.016025,-0.034085,-0.0063169
0.029438,-0.075569,0.025339,0.079518,0.016066,-0.034065,-0.0063146
0.047615,-0.10701,0.039121,0.079036,0.016023,-0.034091,-0.0063793
0.025048,-0.066734,0.02003,0.078519,0.016061,-0.034072,-0.0063772
0.077275,-0.16742,0.069233,0.078361,0.01602,-0.034079,-0.0061903
0.087963,-0.18243,0.070122,0.076663,0.016018,-0.034075,-0.0061279
0.045361,-0.10977,0.041151,0.076921,0.016075,-0.034053,-0.0061877
0.056113,-0.12458,0.037716,0.075051,0.016078,-0.034047,-0.0061286
0.11192,-0.24725,0.067797,0.074151,0.01601,-0.034058,-0.0058172
0.047569,-0.16497,0.038976,0.074462,0.01607,-0.03403,-0.0058164
0.11438,-0.2471,0.07151,0.073933,0.016013,-0.034061,-0.0058814
0.033229,-0.13628,0.030225,0.075215,0.016084,-0.034028,-0.0058912
0.053188,-0.15992,0.031283,0.073419,0.016069,-0.034026,-0.0057523
0.034416,-0.11791,0.024295,0.071006,0.016115,-0.034008,-0.0058103
0.042204,-0.12459,0.017076,0.07197,0.016121,-0.034001,-0.0057494
0.021928,-0.097447,0.020307,0.072338,0.016108,-0.034015,-0.005875
0.060137,-0.172,0.027698,0.076478,0.016071,-0.03402,-0.0056891
0.043527,-0.12328,0.010057,0.074752,0.016127,-0.033994,-0.0056879
0.10719,-0.23082,0.053635,0.076737,0.01601,-0.034049,-0.0056897
0.09469,-0.20464,0.042586,0.079722,0.016012,-0.034044,-0.0056267
0.051451,-0.14494,0.015792,0.077874,0.016074,-0.034014,-0.0056264
0.034292,-0.10027,0.0087902,0.079254,0.016133,-0.033987,-0.0056276
0.0279,-0.084645,0.0071554,0.082132,0.016133,-0.033987,-0.0056264
0.00022907,-0.0028419,0.0041373,0.089351,0.016134,-0.033947,-0.0050592
-0.00025741,-0.0010603,0.0030968,0.089274,0.016152,-0.033933,-0.0049805
-3.4304e-05,-0.0013776,0.0018933,0.089392,0.016169,-0.033931,-0.0050704
0.00159,-0.0076006,0.0072575,0.089387,0.016132,-0.033953,-0.0051234
0.00028523,-0.0029807,0.0028122,0.089456,0.016174,-0.033933,-0.0051261
0.011333,-0.035543,0.016486,0.089633,0.016044,-0.033999,-0.0051862
0.0070314,-0.024041,0.013279,0.089578,0.016035,-0.033998,-0.0051223
0.0044581,-0.015555,0.013834,0.089349,0.016073,-0.03398,-0.0051226
0.0065911,-0.021386,0.015731,0.089313,0.016072,-0.033985,-0.0051864
0.011381,-0.032781,0.019975,0.089438,0.016072,-0.03399,-0.0052498
0.002966,-0.013447,0.0084485,0.089524,0.016129,-0.033962,-0.0052499
0.0020199,-0.008997,0.0068629,0.089395,0.016129,-0.033958,-0.0051868
0.0007342,-0.00611,0.0037803,0.089628,0.016167,-0.033944,-0.0052462
0.00076184,-0.0052413,0.0038156,0.089425,0.01617,-0.033938,-0.005186
0.0056719,0.013434,-0.013417,0.085559,0.014353,-0.034784,-0.0049343
0.0025809,0.0067724,-0.007458,0.08554,0.014301,-0.034808,-0.0049355
0.006102,0.014226,-0.014236,0.085876,0.014355,-0.034779,-0.0048734
0.0029323,0.0071674,-0.0080215,0.085929,0.014309,-0.0348,-0.0048737
0.0054666,0.012497,-0.012726,0.085351,0.014351,-0.034788,-0.0049892
0.0025241,0.0064443,-0.0072986,0.085257,0.014294,-0.034816,-0.0049992
0.0093374,0.022637,-0.020943,0.085607,0.014427,-0.034746,-0.0048991
0.0059637,0.016221,-0.015395,0.085855,0.014425,-0.034745,-0.0048736
0.0063408,0.020967,-0.019081,0.085697,0.014427,-0.034744,-0.0048736
0.010087,0.027617,-0.026242,0.085585,0.014489,-0.034719,-0.0049358
0.01243,0.026117,-0.02827,0.085472,0.01449,-0.034723,-0.0049984
0.012787,0.025816,-0.024466,0.085369,0.014441,-0.034746,-0.0049984
0.012034,0.027986,-0.025381,0.085522,0.014432,-0.034746,-0.0049361
0.011608,0.033794,-0.028695,0.085826,0.014489,-0.034715,-0.0048729
0.0072244,0.017571,-0.016462,0.086217,0.014419,-0.034744,-0.0048109
0.0040808,0.015124,-0.013151,0.08593,0.014426,-0.034741,-0.0048099
0.011691,0.037425,-0.028686,0.086322,0.014489,-0.034706,-0.0047477
0.0094776,0.031081,-0.02516,0.085985,0.014488,-0.034711,-0.0048099
0.0053248,0.018552,-0.015688,0.08628,0.014426,-0.034736,-0.0047483
0.0066996,0.016045,-0.014828,0.086531,0.014413,-0.034742,-0.0047488
0.0032122,0.0073801,-0.0083123,0.086351,0.014317,-0.034792,-0.0048116
0.0073134,0.016421,-0.016083,0.086301,0.014357,-0.034773,-0.0048115
0.0064804,0.013975,-0.013963,0.086774,0.014358,-0.034769,-0.0047493
0.0034193,0.0073982,-0.008398,0.086832,0.014326,-0.034784,-0.0047494
0.0032688,0.0058658,-0.0063952,0.08845,0.01436,-0.034755,-0.004563
0.0058518,0.011884,-0.010742,0.088245,0.014371,-0.03475,-0.004563
0.0034188,0.006616,-0.00747,0.087877,0.014344,-0.034767,-0.0046261
0.0074766,0.015335,-0.014508,0.087743,0.014362,-0.034758,-0.0046263
0.0053642,0.010591,-0.0093805,0.088499,0.014369,-0.034748,-0.0045297
0.0076656,0.017524,-0.014494,0.087746,0.014416,-0.03473,-0.004596
0.0066487,0.014168,-0.01303,0.087621,0.014399,-0.03474,-0.004624
0.0046282,0.012536,-0.010786,0.08722,0.014425,-0.034728,-0.0046225
0.0076984,0.020596,-0.015551,0.087536,0.01448,-0.034697,-0.0045571
0.0075254,0.019116,-0.014264,0.087936,0.014482,-0.034692,-0.0044962
0.0091621,0.021525,-0.016926,0.087871,0.014433,-0.034719,-0.0045471
0.007737,0.017728,-0.014369,0.088342,0.014425,-0.034719,-0.0044939
0.0098638,0.029351,-0.022278,0.087087,0.014482,-0.034701,-0.0046163
0.0061866,0.014365,-0.013326,0.086964,0.014406,-0.034742,-0.0046864
0.0054208,0.017294,-0.014863,0.08668,0.014426,-0.034732,-0.004686
0.0095444,0.030887,-0.024325,0.086622,0.014489,-0.034702,-0.0046849
0.0069835,0.014654,-0.014322,0.087287,0.01436,-0.034763,-0.0046872
0.0035087,0.0072206,-0.0081969,0.087274,0.014335,-0.034775,-0.0046872
-0.00038686,0.00060544,0.00049761,0.089023,0.015935,-0.034012,-0.0046269
-0.00072237,0.00039321,0.00091802,0.089083,0.015957,-0.034004,-0.0046685
-0.00052563,-6.3524e-05,0.0006133,0.089096,0.015985,-0.033992,-0.004679
-0.00067515,2.4538e-05,0.0016437,0.08912,0.015953,-0.034011,-0.0047387
0.001031,0.0021131,0.00070543,0.089015,0.015888,-0.034042,-0.0047409
-7.775e-05,0.0022857,0.0004167,0.088987,0.015886,-0.034038,-0.0046793
-0.0002374,0.0018237,0.00025269,0.088907,0.015896,-0.034029,-0.004607
0.0065525,0.013927,-0.011187,0.088849,0.014414,-0.03472,-0.0044337
0.006239,0.012756,-0.0097388,0.088631,0.014488,-0.034685,-0.0044333
0.0048779,0.0090113,-0.0072344,0.089211,0.014411,-0.034721,-0.0044199
0.0052614,0.0094386,-0.0069067,0.08901,0.014465,-0.03469,-0.0043512
0.090219,-0.16029,0.038323,0.089164,0.015764,-0.034144,-0.0053744
0.084111,-0.15297,0.037794,0.086959,0.01589,-0.034085,-0.005375
0.13102,-0.22707,0.049526,0.088302,0.015765,-0.034153,-0.0055006
0.12223,-0.22067,0.057909,0.084593,0.01589,-0.034093,-0.005501
0.056508,-0.097384,0.022069,0.088532,0.01589,-0.034076,-0.0052486
0.049802,-0.11647,0.021196,0.087123,0.016015,-0.034025,-0.0053759
0.030979,-0.06932,0.014814,0.088997,0.016012,-0.034018,-0.0052495
0.037939,-0.09147,0.017947,0.088478,0.016013,-0.034022,-0.0053129
0.055337,-0.087299,0.0091152,0.089462,0.015764,-0.034136,-0.0052481
0.017573,-0.01409,-0.0031136,0.089285,0.015763,-0.034119,-0.0049941
0.015757,-0.020942,0.0052689,0.089193,0.01589,-0.034058,-0.0049939
0.02793,-0.035262,0.00019372,0.089469,0.015764,-0.034127,-0.0051212
0.032454,-0.051242,0.011245,0.08905,0.01589,-0.034067,-0.0051214
0.017005,-0.037155,0.0098714,0.089443,0.016013,-0.034009,-0.0051221
0.022846,-0.053086,0.012686,0.089381,0.016012,-0.034014,-0.005186
0.019086,-0.068483,0.0027005,0.086053,0.016092,-0.033997,-0.0055016
0.030793,-0.11102,0.010259,0.086681,0.01608,-0.033999,-0.0054392
0.01402,-0.055314,0.0054125,0.08789,0.016088,-0.033995,-0.0054393
0.038595,-0.12075,0.0072454,0.083921,0.016079,-0.034004,-0.0055018
0.02542,-0.084368,0.016006,0.088511,0.016079,-0.033998,-0.0054219
0.028327,-0.082195,0.023008,0.088926,0.016072,-0.033998,-0.0053766
0.052657,-0.13399,0.022304,0.086215,0.016015,-0.034029,-0.0054388
0.011183,-0.026078,0.0084582,0.08951,0.016015,-0.034004,-0.0050578
0.0037841,-0.014892,0.010331,0.089533,0.016026,-0.033998,-0.0050579
0.0078394,0.02021,-0.0087737,0.088458,0.014644,-0.034601,-0.0042923
0.0053834,0.013144,-0.0049091,0.088538,0.014634,-0.034602,-0.0042347
0.0040452,0.011198,-0.0042922,0.088181,0.014674,-0.034583,-0.0042283
0.0072543,0.021365,-0.010276,0.088047,0.014672,-0.034588,-0.0042977
0.0068405,0.015503,-0.006338,0.088859,0.014604,-0.034617,-0.0042367
0.010282,0.024713,-0.011363,0.088614,0.014593,-0.034625,-0.0042865
0.010474,0.029439,-0.014487,0.08822,0.014627,-0.034614,-0.0043646
0.01371,0.03513,-0.017551,0.088422,0.014609,-0.034623,-0.0043649
0.011894,0.037111,-0.014078,0.088053,0.014737,-0.034557,-0.0042975
0.015334,0.049162,-0.021513,0.087854,0.014735,-0.034563,-0.0043631
0.0083169,0.02788,-0.014887,0.087729,0.014672,-0.034593,-0.0043638
0.00039127,0.0073827,-0.002414,0.088767,0.015764,-0.034088,-0.0045549
-0.00049152,0.0027781,-0.00012032,0.088831,0.015826,-0.034058,-0.0045555
0.00078586,0.0071569,-0.0022312,0.088821,0.015762,-0.034093,-0.0046169
0.00028346,0.0038207,-0.00026752,0.088874,0.015825,-0.034063,-0.004617
-0.0004206,0.001553,4.6042e-05,0.088771,0.015832,-0.034051,-0.004486
-0.0002874,0.00086359,0.00016434,0.088803,0.015872,-0.034033,-0.0044974
-0.00038723,0.001054,0.00025036,0.088865,0.015896,-0.034025,-0.0045524
-0.00016542,-0.00055665,-0.00043783,0.084515,0.014227,-0.034878,-0.0054377
-1.2452e-05,-9.5752e-05,-0.00067627,0.084531,0.014234,-0.03487,-0.005375
-0.00010712,-0.00092079,-0.00099978,0.084563,0.014236,-0.034874,-0.0054377
0.00044756,0.00025409,-0.0017946,0.08461,0.014239,-0.034868,-0.005375
0.00044669,0.00045011,-0.0017955,0.084515,0.01424,-0.034864,-0.0053251
0.022098,-0.065161,0.021965,0.08943,0.016062,-0.033999,-0.0053132
0.016321,-0.049332,0.019602,0.089538,0.016053,-0.033999,-0.0052497
0.013568,-0.038567,0.019357,0.089395,0.016074,-0.033993,-0.0053133
0.014431,-0.040128,0.01496,0.089197,0.016079,-0.033995,-0.0053767
0.0036313,-0.017534,0.0078223,0.089659,0.016137,-0.033963,-0.0053169
0.0057595,-0.021508,0.0071546,0.089529,0.016157,-0.033959,-0.0053931
0.00059346,-0.0059423,0.0028498,0.089938,0.016162,-0.033951,-0.0053063
0.0027217,0.0073227,-0.0025719,0.088219,0.014674,-0.034578,-0.0041556
0.0030354,0.0068684,-0.0023855,0.088667,0.014614,-0.03461,-0.0042074
0.0050399,0.0096741,-0.0046787,0.088944,0.014579,-0.034629,-0.0042429
0.0074768,0.02615,-0.0081845,0.088043,0.014865,-0.034493,-0.0042355
0.0058632,0.01775,-0.0047945,0.087991,0.014811,-0.034514,-0.0041666
0.0039045,0.013341,-0.0030446,0.087983,0.014852,-0.034494,-0.0041712
0.012568,0.03948,-0.01349,0.088087,0.014805,-0.034521,-0.0042325
0.0043364,0.012063,-0.0036704,0.08809,0.014741,-0.034546,-0.0041587
0.0023166,0.0057866,-0.0010332,0.087969,0.014765,-0.034531,-0.0040984
0.0028152,0.0084594,-0.0016003,0.08793,0.014808,-0.034511,-0.0041008
0.0015458,0.0052469,-0.00085265,0.087924,0.014854,-0.034489,-0.0041103
0.00075996,0.0025721,-0.00030897,0.087859,0.014825,-0.034502,-0.0040899
0.0029696,0.012057,-0.0026333,0.088,0.014871,-0.034486,-0.0041735
0.004727,0.020722,-0.0064874,0.088063,0.014867,-0.034492,-0.0042356
0.0013267,0.0049947,-0.0005287,0.087926,0.014873,-0.034481,-0.0041148
0.0018962,0.0069251,-0.00074956,0.087898,0.014934,-0.034452,-0.004118
0.00090171,0.0032672,-7.3822e-05,0.087839,0.01494,-0.034446,-0.0040779
0.0025432,0.0089835,-0.0010774,0.087919,0.014996,-0.034422,-0.0041167
0.0011112,0.0040646,-8.7715e-05,0.087847,0.014999,-0.034418,-0.0040716
0.00046686,0.0016758,-8.2244e-05,0.087878,0.014881,-0.034474,-0.0040839
0.0055102,0.024243,-0.0081278,0.088079,0.01493,-0.034462,-0.0042378
0.0040783,0.015563,-0.0032972,0.088018,0.014932,-0.034457,-0.0041766
0.0053925,0.018891,-0.0042221,0.08807,0.014994,-0.034427,-0.0041772
0.0015529,-0.0010288,-0.0025952,0.082285,0.014502,-0.03485,-0.006933
0.0042481,-0.0043745,-0.0036589,0.082364,0.014553,-0.034827,-0.0069436
0.01,-0.010211,-0.0035139,0.082521,0.014614,-0.034798,-0.0069471
0.0017975,-0.0027855,-0.0027013,0.08269,0.014484,-0.034855,-0.006881
0.0067037,-0.010829,-0.0027068,0.082755,0.014553,-0.034823,-0.0068802
0.013366,-0.020885,0.00045058,0.082943,0.014614,-0.034794,-0.0068826
0.042934,-0.086984,0.027773,0.084186,0.014645,-0.034753,-0.0065053
0.046572,-0.10142,0.024938,0.084621,0.014628,-0.034752,-0.006379
0.027126,-0.072104,0.0079986,0.084803,0.014609,-0.034753,-0.0062523
0.014914,-0.048648,0.0032833,0.084836,0.014481,-0.034814,-0.0062522
0.010051,-0.037206,0.0017468,0.084672,0.014481,-0.034818,-0.0063155
0.071108,-0.14272,0.042864,0.084524,0.014737,-0.034701,-0.0063792
0.075403,-0.15053,0.052258,0.083781,0.014738,-0.034709,-0.0065059
0.048074,-0.11636,0.020255,0.084995,0.01461,-0.034752,-0.0062523
0.075009,-0.1578,0.034495,0.084931,0.014737,-0.034692,-0.0062526
0.010469,-0.012827,-0.021201,0.085106,0.01462,-0.034687,-0.0053743
0.0038415,-0.036614,-0.015754,0.085168,0.01462,-0.034696,-0.0054991
0.0043273,-0.018205,-0.014576,0.085116,0.0145,-0.034744,-0.0053753
0.0027578,-0.022602,-0.013169,0.085114,0.0145,-0.034748,-0.0054378
0.016849,0.0060802,-0.026818,0.085076,0.014619,-0.034679,-0.0052491
0.0088138,-0.0017266,-0.01825,0.085148,0.014499,-0.034736,-0.00525
0.0067407,-0.0075508,-0.015885,0.085138,0.014501,-0.03474,-0.005313
0.017183,-0.020686,-0.023784,0.0849,0.014744,-0.034628,-0.0053736
0.029908,0.0051917,-0.030952,0.084775,0.014743,-0.03462,-0.0052484
0.011226,-0.063384,-0.01763,0.085242,0.014744,-0.034637,-0.0054986
0.011516,-0.035784,0.0087846,0.088687,0.016154,-0.033964,-0.0054404
0.012998,-0.044175,0.0082961,0.087792,0.016148,-0.033971,-0.0055009
0.23144,-0.59751,0.11019,0.078655,0.015251,-0.034497,-0.0069597
0.30066,-0.66633,0.10416,0.077835,0.015252,-0.034491,-0.0068848
0.25872,-0.59201,0.10876,0.076704,0.015238,-0.034498,-0.0068849
0.31713,-0.67271,0.10651,0.083512,0.01538,-0.03443,-0.0068852
0.24437,-0.60867,0.10466,0.078974,0.015379,-0.03444,-0.0070106
0.21973,-0.54854,0.093234,0.089154,0.015508,-0.034378,-0.0070125
0.30361,-0.63937,0.11404,0.088339,0.015509,-0.034369,-0.0068854
0.34214,-0.57503,0.16502,0.076208,0.015718,-0.034244,-0.0065077
0.3183,-0.55347,0.17411,0.079924,0.015736,-0.034244,-0.0066351
0.27445,-0.45661,0.17467,0.082171,0.015766,-0.034221,-0.0065079
0.24967,-0.42375,0.17443,0.082753,0.015766,-0.03423,-0.0066357
0.24218,-0.41863,0.17157,0.085281,0.015766,-0.034235,-0.0066995
0.20597,-0.35393,0.15309,0.089357,0.015765,-0.034239,-0.0067618
0.26539,-0.49156,0.16536,0.089411,0.015752,-0.034245,-0.0067616
0.33177,-0.61619,0.15058,0.082394,0.015637,-0.0343,-0.0067595
0.36714,-0.64594,0.14185,0.076038,0.015638,-0.034291,-0.0066337
0.37424,-0.63932,0.14356,0.071188,0.015639,-0.034282,-0.0065072
0.012437,-0.0054946,-0.0018362,0.077843,0.014771,-0.034738,-0.007149
0.008849,-0.0024495,-0.0023396,0.07576,0.014809,-0.034722,-0.0071896
0.020415,-0.018117,-0.00074179,0.076377,0.014807,-0.03472,-0.0071416
0.023784,-0.023907,0.00084877,0.075613,0.01487,-0.03469,-0.0071441
0.013214,-0.0044673,-0.0027464,0.075214,0.014867,-0.034696,-0.0072065
0.01502,-0.008986,-0.00057777,0.074762,0.014928,-0.034667,-0.0072148
0.031212,-0.040055,0.0045854,0.075191,0.014933,-0.03466,-0.0071421
0.013865,-0.016059,0.0012012,0.073988,0.014984,-0.034641,-0.007212
0.0056864,-0.0050005,-0.00035845,0.074004,0.015005,-0.034632,-0.0072251
0.048024,-0.10584,0.02421,0.077797,0.014806,-0.034712,-0.0070151
0.036552,-0.060588,0.0087178,0.077056,0.014806,-0.034716,-0.0070784
0.044295,-0.079533,0.013927,0.076552,0.01487,-0.034686,-0.0070788
0.072543,-0.19212,0.05315,0.078343,0.014869,-0.034682,-0.0070148
0.0092856,-0.031262,-0.0019564,0.069622,0.015123,-0.034577,-0.00724
0.029947,-0.096617,0.0063458,0.070485,0.015122,-0.034574,-0.0071926
0.21157,-0.34527,0.15515,0.073237,0.015895,-0.03416,-0.0065084
0.28289,-0.46042,0.17154,0.080328,0.015766,-0.034212,-0.0063807
0.23653,-0.38296,0.16458,0.071449,0.015895,-0.034151,-0.0063803
0.21611,-0.35246,0.15328,0.068978,0.015895,-0.034156,-0.006444
0.11215,-0.222,0.085529,0.072848,0.015961,-0.034115,-0.0063167
0.17008,-0.30244,0.12476,0.070879,0.01596,-0.034115,-0.0063077
0.10783,-0.21556,0.093804,0.080797,0.01596,-0.034112,-0.006254
0.052906,-0.12246,0.048719,0.079356,0.016026,-0.034081,-0.006258
0.28393,-0.46959,0.16412,0.079596,0.015766,-0.034204,-0.0062545
0.24052,-0.39814,0.16275,0.071553,0.015896,-0.034142,-0.0062543
0.23377,-0.38442,0.16116,0.068797,0.015896,-0.034146,-0.006317
0.13117,-0.25236,0.11013,0.080003,0.015959,-0.034108,-0.0061913
0.2698,-0.45417,0.14867,0.079126,0.015766,-0.034195,-0.0061292
0.23039,-0.38913,0.14989,0.072133,0.015895,-0.034134,-0.0061293
0.26693,-0.44885,0.13405,0.080027,0.015766,-0.034187,-0.0060045
0.20335,-0.35215,0.12014,0.07292,0.015893,-0.034127,-0.0060054
0.21749,-0.37173,0.13775,0.067137,0.015894,-0.03413,-0.0060674
0.22822,-0.38865,0.15351,0.067654,0.015896,-0.034138,-0.0061916
0.20307,-0.35759,0.10927,0.077348,0.015891,-0.034119,-0.0058804
0.17559,-0.31185,0.091019,0.075878,0.015889,-0.034111,-0.0057538
0.10458,-0.23575,0.058326,0.075493,0.01601,-0.034054,-0.0057533
0.28855,-0.47866,0.11967,0.080937,0.015765,-0.034178,-0.0058793
0.26405,-0.43724,0.106,0.08299,0.015765,-0.03417,-0.0057532
0.15473,-0.27663,0.076545,0.079906,0.015889,-0.034102,-0.0056271
0.19828,-0.33609,0.085398,0.086379,0.015765,-0.034161,-0.0056269
-0.00068252,-0.0094942,-5.8779e-05,0.08455,0.014299,-0.034878,-0.0059299
-0.00093435,-0.010118,-8.2616e-05,0.084534,0.014288,-0.034881,-0.005898
-0.00086415,-0.010307,-0.00048866,0.084536,0.01429,-0.034877,-0.0058622
7.3227e-05,-0.017954,-0.00096611,0.084604,0.014351,-0.034853,-0.0059293
-0.0004556,-0.02198,-0.0015995,0.084627,0.014356,-0.034846,-0.0058608
-0.00081318,-0.008716,0.00045763,0.084582,0.014285,-0.034884,-0.0059308
-0.0011283,-0.0092524,-0.00028815,0.084549,0.01429,-0.034876,-0.0058416
-0.0017922,-0.012916,-0.00061558,0.084553,0.014309,-0.034864,-0.0058054
-0.0012427,-0.019357,-0.0016447,0.084583,0.014361,-0.03484,-0.005802
-0.0013029,-0.0083869,-0.00015909,0.084538,0.014292,-0.034872,-0.0058072
-0.00081391,-0.0033941,4.0682e-05,0.084449,0.014285,-0.034876,-0.0058066
-0.0015724,-0.0090682,-0.00045419,0.084553,0.014294,-0.034869,-0.0057661
-0.0023139,-0.013392,-0.0010013,0.084487,0.014331,-0.034851,-0.0057601
-0.0021738,-0.021124,-0.0022851,0.08451,0.014365,-0.034833,-0.0057451
-0.00211,-0.0088773,-0.0015633,0.084331,0.014302,-0.034855,-0.0056299
-0.0018244,-0.0080832,-0.001946,0.084379,0.014305,-0.03485,-0.0055647
-0.00094147,-0.0026235,-0.00043761,0.08454,0.014234,-0.034884,-0.0055639
-0.001458,-0.0037176,-0.00053136,0.084433,0.014273,-0.034869,-0.0056272
-0.0012591,-0.0028702,-0.00019732,0.08453,0.014238,-0.034886,-0.0056247
-0.0011324,-0.0033266,-0.00083279,0.084403,0.014269,-0.034867,-0.0055642
-0.0010828,-0.0053,-0.001929,0.08435,0.014307,-0.034844,-0.005501
-0.00063431,-0.0024457,-0.0011917,0.084482,0.014264,-0.034865,-0.0055009
-0.0026064,-0.012976,-0.001412,0.084453,0.014323,-0.034851,-0.0057037
-0.0020159,-0.0073091,-0.00074799,0.084458,0.014296,-0.03486,-0.0056498
-0.0027024,-0.017876,-0.0024286,0.084408,0.014365,-0.03483,-0.0056904
-0.0018577,-0.008174,-0.00060099,0.084607,0.014278,-0.034872,-0.0057118
-0.001132,-0.0029866,-0.0001851,0.084529,0.014241,-0.034889,-0.0056933
0.039766,-0.081894,0.029982,0.083409,0.014663,-0.034753,-0.0066312
0.020852,-0.042798,0.0086271,0.083927,0.014613,-0.034781,-0.0066931
0.031631,-0.067384,0.023542,0.082966,0.014682,-0.034753,-0.0067575
0.01764,-0.034713,0.0053494,0.083557,0.014613,-0.034785,-0.0067562
0.069853,-0.14773,0.056407,0.082883,0.014739,-0.034717,-0.0066321
0.069722,-0.1607,0.059496,0.082092,0.014739,-0.034726,-0.0067585
0.26823,-0.56211,0.13484,0.090566,0.015637,-0.034309,-0.0068849
0.17706,-0.46132,0.080491,0.093477,0.015572,-0.034348,-0.0070127
0.22274,-0.51117,0.1062,0.095497,0.015637,-0.034313,-0.0069478
0.20181,-0.51152,0.088504,0.092242,0.015533,-0.034366,-0.0070126
0.20879,-0.41229,0.14441,0.09148,0.015766,-0.034247,-0.0068813
0.15793,-0.28079,0.12511,0.094369,0.015765,-0.034243,-0.0068245
0.12834,-0.27766,0.10833,0.094519,0.015766,-0.034247,-0.0068867
0.20021,-0.43496,0.13081,0.094089,0.015701,-0.034278,-0.0068851
0.16398,-0.26551,0.13308,0.07368,0.015894,-0.03417,-0.006637
0.17863,-0.29271,0.13763,0.071953,0.015895,-0.034165,-0.0065727
0.22126,-0.36748,0.16871,0.079089,0.01583,-0.0342,-0.0066371
0.12744,-0.42932,0.060929,0.087485,0.015507,-0.034383,-0.0070756
-0.0067288,-0.046483,-0.00012761,0.081379,0.015491,-0.034402,-0.0072336
0.13161,-0.41765,0.060334,0.090815,0.015551,-0.034362,-0.0070763
0.0035243,-0.0090152,-0.0015622,0.083237,0.01449,-0.034844,-0.0067541
0.0021623,-0.0050651,-0.0020234,0.082967,0.014478,-0.034855,-0.0068292
0.001297,-0.0038744,-0.0015751,0.083146,0.014438,-0.034868,-0.0067548
0.00071341,-0.0018455,-0.0011563,0.082773,0.014457,-0.034863,-0.0068101
0.0012679,-0.0044681,-0.0010304,0.083439,0.01442,-0.034874,-0.0067028
0.0045846,-0.012774,-0.00095132,0.08348,0.014489,-0.03484,-0.0066917
0.00058184,-0.001895,-0.00090287,0.083733,0.014404,-0.034875,-0.006622
0.0024493,-0.0086226,-0.0010008,0.083646,0.014429,-0.034864,-0.006628
0.00030243,-0.0010825,-0.00053989,0.083618,0.014411,-0.034876,-0.0066791
0.00045491,-0.00048612,-0.00081421,0.083866,0.014389,-0.034883,-0.0066181
0.043906,-0.088865,0.043645,0.10048,0.015823,-0.034224,-0.006939
0.02195,-0.064091,0.025907,0.10335,0.015786,-0.034246,-0.0070107
0.048853,-0.10735,0.052776,0.098977,0.015771,-0.034249,-0.0069466
0.093071,-0.18219,0.092166,0.094939,0.01577,-0.034246,-0.0068874
0.076214,-0.1384,0.072475,0.094763,0.015845,-0.034211,-0.0069037
0.055058,-0.091309,0.06047,0.086832,0.015893,-0.034183,-0.0068227
0.073455,-0.11845,0.080394,0.079892,0.015899,-0.034176,-0.0067701
0.034402,-0.05817,0.043417,0.079428,0.015934,-0.034159,-0.0067524
0.072505,-0.18807,0.063529,0.10027,0.015765,-0.034252,-0.0069474
0.11174,-0.18659,0.1007,0.089591,0.01583,-0.034213,-0.0068259
0.14185,-0.23441,0.12604,0.08461,0.015829,-0.034209,-0.0067635
0.021687,-0.046896,0.020218,0.081701,0.016004,-0.034116,-0.0066241
0.039981,-0.081448,0.035359,0.071916,0.015979,-0.034128,-0.0066299
0.024125,-0.05344,0.025491,0.072672,0.015975,-0.034134,-0.0066794
0.087557,-0.15021,0.075463,0.068103,0.015956,-0.03414,-0.0066356
0.10983,-0.17706,0.10258,0.074291,0.015894,-0.034174,-0.0067011
0.05712,-0.097946,0.061048,0.072343,0.015959,-0.034143,-0.0067073
0.14325,-0.37985,0.10784,0.079762,0.014996,-0.034613,-0.0068863
0.19172,-0.49494,0.11201,0.079504,0.015124,-0.034552,-0.0068851
0.31799,-0.50711,0.088468,0.083733,0.015255,-0.034446,-0.0062545
0.3667,-0.59366,0.10766,0.078056,0.015512,-0.034324,-0.0062547
0.36459,-0.59723,0.10618,0.075912,0.015513,-0.034333,-0.0063807
0.28959,-0.48296,0.08471,0.085267,0.015255,-0.034429,-0.0060021
0.3482,-0.56641,0.10874,0.08111,0.015512,-0.034307,-0.0060035
0.37163,-0.60442,0.11214,0.076286,0.015513,-0.034315,-0.006129
0.034902,-0.12403,0.0044196,0.085341,0.01461,-0.034735,-0.0059985
0.024253,-0.11233,-0.0020589,0.085313,0.014612,-0.034725,-0.0058721
0.0041517,-0.058728,-0.0054183,0.084857,0.014487,-0.03478,-0.0058061
0.0047875,-0.070165,-0.0080716,0.085056,0.014532,-0.034754,-0.0057457
0.0025403,-0.056894,-0.0063165,0.084848,0.01449,-0.034775,-0.0057453
0.011636,-0.090404,-0.0074288,0.085427,0.014615,-0.034715,-0.0057473
0.043439,-0.1499,0.0036911,0.085738,0.014739,-0.034665,-0.0058733
0.033162,-0.13359,-0.0037546,0.085613,0.014741,-0.034655,-0.0057482
0.065966,-0.17246,0.014923,0.085546,0.014738,-0.034674,-0.0059994
0.19478,-0.34643,0.053888,0.087279,0.015254,-0.034412,-0.0057501
0.23126,-0.3811,0.070187,0.086233,0.015511,-0.03429,-0.0057515
0.068602,-0.138,0.0027767,0.088541,0.015254,-0.034395,-0.0054983
0.14104,-0.23321,0.0346,0.088048,0.01551,-0.034273,-0.0054994
0.0077594,-0.0064001,-0.031986,0.088642,0.015252,-0.034379,-0.0052468
0.043433,-0.060243,-0.012049,0.089188,0.015508,-0.034257,-0.0052471
0.033891,0.036447,-0.041123,0.085746,0.014996,-0.034496,-0.00519
0.013229,0.043456,-0.04262,0.088491,0.015249,-0.034362,-0.0049958
0.013649,0.05068,-0.044628,0.087627,0.014994,-0.034484,-0.0049966
0.01365,0.048332,-0.044357,0.088082,0.015121,-0.034423,-0.0049961
0.015553,0.019731,-0.027731,0.08908,0.015507,-0.03424,-0.0049942
0.039435,-0.10718,0.022394,0.076274,0.016087,-0.034039,-0.0060735
0.076701,-0.16846,0.054569,0.076507,0.016018,-0.034071,-0.006068
0.027887,-0.097612,0.018639,0.076255,0.016078,-0.034039,-0.0060048
0.012836,-0.05501,0.010231,0.074343,0.016094,-0.034031,-0.0060031
0.029448,-0.11704,0.023795,0.075842,0.016082,-0.034033,-0.0059456
0.017281,-0.075602,0.013222,0.07308,0.016102,-0.034023,-0.0059453
0.1117,-0.24011,0.071075,0.074025,0.016014,-0.034065,-0.0059444
0.078833,-0.18406,0.033348,0.082026,0.016014,-0.034039,-0.005564
0.051585,-0.14723,0.015841,0.081608,0.016078,-0.034009,-0.005564
0.025083,-0.077621,0.0043244,0.084065,0.016116,-0.03399,-0.005565
0.020289,0.036901,-0.037184,0.085491,0.014615,-0.034664,-0.0049978
0.020719,0.023994,-0.033342,0.085209,0.014617,-0.034671,-0.0051235
0.012093,0.013642,-0.02371,0.085248,0.014494,-0.03473,-0.0051242
0.010311,0.017636,-0.022774,0.08536,0.014491,-0.034727,-0.0050612
0.010611,0.0067434,-0.020099,0.085184,0.014498,-0.034732,-0.0051874
0.037542,0.029347,-0.03742,0.084762,0.014742,-0.034612,-0.0051229
0.031166,0.046041,-0.043493,0.085407,0.014741,-0.034604,-0.0049972
0.00175,-0.0084072,0.0099798,0.089282,0.016076,-0.033975,-0.0050581
0.01014,0.021841,-0.018221,0.088041,0.014403,-0.034733,-0.0045433
0.0089623,0.019803,-0.015853,0.08838,0.014406,-0.034728,-0.0044937
0.0070239,0.014824,-0.012368,0.088362,0.014381,-0.03474,-0.0044957
0.00564,-0.0037863,0.0020809,0.089083,0.01589,-0.03405,-0.0048667
0.0087491,0.0038449,-0.0035594,0.089026,0.015761,-0.034111,-0.0048676
-0.0011353,-0.00046899,0.0028009,0.089103,0.015993,-0.033996,-0.0048021
-0.00074777,-0.00054154,0.0013649,0.089175,0.016031,-0.033973,-0.0047191
-0.00089434,0.00021078,0.0013589,0.089104,0.016027,-0.033977,-0.0047514
-4.4639e-05,-0.0015478,0.0026834,0.089148,0.015954,-0.034015,-0.0048027
0.003541,0.0080133,-0.0034644,0.088912,0.01576,-0.034103,-0.0047419
0.0018294,-0.00061593,0.0021518,0.08909,0.01589,-0.034045,-0.0048035
0.0080299,0.017492,-0.013833,0.088811,0.014408,-0.034723,-0.004434
0.0057147,0.011532,-0.0097491,0.088806,0.014402,-0.034726,-0.0044344
-0.00038639,-0.0011937,-7.4358e-05,0.084488,0.01422,-0.03489,-0.0055631
-0.00036522,-0.0010344,-1.2691e-05,0.084463,0.014229,-0.03489,-0.0056239
0.014998,-0.0538,0.0096227,0.08649,0.016133,-0.033986,-0.0056264
0.0013703,0.0049593,-0.00066095,0.087859,0.015123,-0.034361,-0.0041132
0.001449,0.0045674,-0.00056559,0.08788,0.015187,-0.034332,-0.0041132
0.0031679,0.011077,-0.0025651,0.087934,0.015122,-0.034367,-0.0041754
0.003435,0.010622,-0.0023856,0.087953,0.015185,-0.034336,-0.0041741
0.0066578,0.019943,-0.0064574,0.088079,0.015184,-0.034341,-0.0042358
0.0074303,0.019375,-0.0068038,0.088147,0.015248,-0.034311,-0.0042331
0.0028202,0.0081839,-0.0016395,0.087968,0.015249,-0.034306,-0.0041712
0.0076075,0.02497,-0.0087636,0.088126,0.015121,-0.034371,-0.0042376
0.00088886,0.0027466,-0.00022543,0.087886,0.01525,-0.034301,-0.0041109
0.0027665,0.0087827,-0.001108,0.087943,0.01506,-0.034392,-0.0041139
0.0012963,0.0041798,-0.00011542,0.087894,0.015062,-0.034388,-0.0040651
0.0016752,0.0054366,-0.00060573,0.087889,0.015083,-0.034381,-0.0041137
0.00092344,0.0030256,-8.3357e-05,0.087855,0.015071,-0.034383,-0.0040652
0.00051849,0.0018526,-3.2148e-05,0.087806,0.015125,-0.034357,-0.0040643
0.0063442,0.021411,-0.0063408,0.088085,0.015109,-0.034377,-0.0042377
0.005812,0.018437,-0.0040798,0.088081,0.015058,-0.034397,-0.0041762
0.0040467,0.013147,-0.0027743,0.087991,0.015096,-0.034379,-0.0041757
0.0079038,0.027429,-0.008828,0.088167,0.015057,-0.034402,-0.0042385
0.0005499,0.0017043,-1.3975e-05,0.087833,0.015187,-0.034328,-0.0040662
0.00040311,0.0013237,1.9939e-05,0.087858,0.01525,-0.034298,-0.0040669
0.0012946,0.0041093,-0.00072331,0.088141,0.015357,-0.034254,-0.0041645
0.00093529,0.002756,-0.00026458,0.087944,0.015315,-0.03427,-0.004105
0.00038168,0.0012831,-9.9392e-05,0.088131,0.015347,-0.034255,-0.0041049
0.0027677,0.0075219,-0.0016161,0.088,0.015313,-0.034275,-0.0041671
0.0061725,0.015465,-0.0051979,0.08812,0.015312,-0.03428,-0.0042291
0.0034513,0.010272,-0.0033064,0.088221,0.015371,-0.034252,-0.0042266
0.00013017,0.00091954,-2.9709e-05,0.088268,0.015378,-0.03424,-0.0041021
9.7391e-06,0.00064967,1.7777e-05,0.0883,0.015445,-0.034207,-0.0040892
0.00056444,0.002937,-0.00049539,0.088303,0.015377,-0.034245,-0.0041633
0.00037626,0.0024632,-0.00034886,0.088331,0.015441,-0.034214,-0.0041584
0.00046414,0.004802,-0.0011533,0.088431,0.015506,-0.034187,-0.0042221
0.0006985,0.0049926,-0.0012503,0.088385,0.01544,-0.034219,-0.0042229
0.00011612,0.0015365,-0.00013849,0.088351,0.015506,-0.034183,-0.0041563
0.0010789,0.006161,-0.0017622,0.088367,0.015376,-0.034249,-0.0042264
-6.9155e-05,0.00041891,2.9571e-05,0.088351,0.015505,-0.034179,-0.0041004
3.7387e-05,0.00020893,1.9283e-05,0.08825,0.015363,-0.034245,-0.0040745
0.00016149,0.0005122,-2.14e-05,0.088028,0.015352,-0.03425,-0.0040731
0.00024802,0.00089136,1.7217e-05,0.087892,0.01531,-0.03427,-0.0040696
-0.00018594,0.00046449,0.00013336,0.088734,0.015855,-0.034037,-0.0044347
-0.00041665,0.0011483,0.00012927,0.088708,0.01583,-0.034048,-0.0044309
-0.00054837,0.0025239,-0.00021771,0.088675,0.015768,-0.034077,-0.0044276
-0.00034842,0.0010792,8.1705e-05,0.088642,0.015779,-0.034067,-0.0043555
-0.00021811,0.00051558,0.00013271,0.088666,0.015833,-0.034042,-0.0043614
-0.00027303,0.00071084,8.3164e-05,0.0886,0.015774,-0.034066,-0.0042976
-0.00013238,0.00030439,8.3472e-05,0.088609,0.015805,-0.034051,-0.0043016
-3.3804e-05,0.00015649,2.5485e-06,0.088396,0.015634,-0.034121,-0.004147
-4.9721e-05,0.00022352,9.0915e-06,0.088383,0.015565,-0.034152,-0.0041147
-3.8477e-05,0.00018573,-6.2932e-07,0.088387,0.0156,-0.034137,-0.0041306
-6.2252e-05,0.00055488,2.3269e-05,0.088415,0.015648,-0.034116,-0.0041572
-1.0993e-05,0.00097218,-6.2299e-06,0.088392,0.015572,-0.034152,-0.0041576
4.5895e-05,0.0029135,-0.00039806,0.088451,0.015573,-0.034156,-0.0042223
4.0933e-05,0.0020095,-0.00026385,0.088458,0.015639,-0.034124,-0.0042254
-0.00011711,0.00033906,4.9915e-05,0.088448,0.015661,-0.03411,-0.0041596
-0.0001649,0.00028698,6.2489e-05,0.08851,0.015694,-0.034096,-0.0041857
-0.00015316,0.00084297,1.7659e-05,0.088481,0.015656,-0.034117,-0.0042266
-0.0002694,0.00069733,9.5106e-05,0.088546,0.015701,-0.034095,-0.0042299
0.016505,0.046938,-0.031767,0.087115,0.01455,-0.034668,-0.0046209
0.014687,0.040855,-0.026822,0.087532,0.014548,-0.034665,-0.0045576
0.019529,0.058531,-0.036085,0.087054,0.014612,-0.034639,-0.0046207
0.018498,0.055616,-0.033184,0.08731,0.014611,-0.034635,-0.0045572
0.012807,0.033015,-0.021287,0.087993,0.014548,-0.034661,-0.0044945
0.017421,0.049202,-0.028728,0.087754,0.01461,-0.034631,-0.0044933
0.0075944,-0.015258,-0.0014501,0.083108,0.014551,-0.034819,-0.0068181
0.0096306,-0.02177,0.00025258,0.083452,0.014551,-0.034815,-0.0067551
0.014847,-0.027248,0.0026239,0.083187,0.014613,-0.03479,-0.006819
0.01246,0.025668,-0.023357,0.085496,0.014427,-0.034749,-0.0049361
0.012848,0.023323,-0.022104,0.085265,0.014426,-0.034753,-0.0049984
0.010648,0.033251,-0.02225,0.088589,0.015445,-0.034244,-0.0046176
0.012701,0.041383,-0.030867,0.088645,0.015459,-0.034246,-0.0047437
0.0042122,0.025831,-0.015279,0.088594,0.015503,-0.034216,-0.0046173
0.0076199,0.032523,-0.022336,0.088719,0.015503,-0.034225,-0.0047434
0.01515,0.036364,-0.02246,0.088489,0.015374,-0.034268,-0.004489
0.017873,0.046705,-0.0316,0.08856,0.015373,-0.034278,-0.0046182
0.01576,0.045658,-0.024983,0.088365,0.015246,-0.034329,-0.0044916
0.017744,0.055132,-0.033496,0.08839,0.015246,-0.034338,-0.0046198
0.01572,0.048241,-0.037416,0.088701,0.015374,-0.034286,-0.0047443
0.0183,0.058321,-0.039249,0.088385,0.015247,-0.034346,-0.0047454
0.0092747,0.017459,-0.013523,0.089052,0.015633,-0.034172,-0.0048682
0.018676,-0.0085068,-0.012695,0.089309,0.015634,-0.03418,-0.0049938
0.0053147,0.019913,-0.01183,0.088859,0.015632,-0.034163,-0.0047426
0.011258,0.036092,-0.027981,0.08889,0.015506,-0.034232,-0.0048687
0.070851,-0.30778,0.026723,0.09235,0.01557,-0.034356,-0.0071181
0.089917,-0.31805,0.037502,0.093671,0.015571,-0.034353,-0.0070766
0.00014149,-0.037054,-0.0035944,0.084714,0.014424,-0.03481,-0.0058042
0.0014804,-0.038919,-0.0030937,0.084749,0.01442,-0.034816,-0.005866
-0.00079247,-0.038865,-0.0047095,0.084703,0.014427,-0.034804,-0.0057441
-0.0020282,-0.033035,-0.0049167,0.084659,0.014429,-0.034799,-0.0056859
0.00055144,-0.05117,-0.0069858,0.084816,0.014492,-0.034769,-0.0056849
0.022132,-0.086415,0.003754,0.084961,0.014591,-0.034752,-0.0061253
0.013529,-0.058805,0.00069439,0.08493,0.01448,-0.034805,-0.0061247
0.028539,-0.086362,0.0086804,0.085021,0.014609,-0.034752,-0.0062471
0.013034,-0.051355,0.0016899,0.084845,0.01448,-0.03481,-0.0061886
0.046361,-0.13056,0.015096,0.085273,0.014609,-0.034744,-0.0061254
0.065089,-0.15954,0.020438,0.085397,0.014737,-0.034683,-0.0061258
0.34521,-0.57152,0.15218,0.074386,0.015699,-0.034244,-0.0063807
0.37053,-0.61496,0.12536,0.069896,0.015639,-0.034273,-0.0063806
0.33826,-0.55985,0.13917,0.073219,0.015681,-0.034244,-0.0062546
0.37022,-0.60278,0.12325,0.067342,0.015639,-0.034264,-0.0062546
0.061063,-0.12499,0.045625,0.069795,0.016029,-0.034096,-0.0065044
0.16128,-0.28309,0.11441,0.063491,0.015958,-0.034126,-0.0064434
0.10241,-0.19895,0.075299,0.070275,0.015977,-0.034117,-0.006443
0.085818,-0.1705,0.063572,0.062294,0.016031,-0.034097,-0.0065212
0.14253,-0.25273,0.1033,0.064609,0.015958,-0.03413,-0.0065076
0.043935,-0.095931,0.034973,0.078697,0.016019,-0.034096,-0.0064418
0.11272,-0.21965,0.082219,0.070506,0.01597,-0.034116,-0.0063797
0.17206,-0.30346,0.11825,0.062114,0.015959,-0.034121,-0.0063798
0.13153,-0.25466,0.10273,0.078615,0.015956,-0.034101,-0.0060675
0.14165,-0.26708,0.11169,0.079256,0.015957,-0.034104,-0.0061288
0.18598,-0.32876,0.12735,0.072078,0.01592,-0.034118,-0.0060674
0.17458,-0.31023,0.11148,0.071603,0.015911,-0.034118,-0.0060055
0.14924,-0.27688,0.10667,0.076057,0.015955,-0.034097,-0.0060059
0.18782,-0.33217,0.13156,0.07186,0.015929,-0.034118,-0.006129
0.034744,-0.089083,0.032881,0.078919,0.016072,-0.034058,-0.0062503
0.0018278,-0.054538,-0.0099679,0.085034,0.014521,-0.034751,-0.0056237
0.0029942,-0.063712,-0.011522,0.085399,0.014618,-0.034705,-0.0056234
0.0089398,-0.083017,-0.01167,0.085613,0.014743,-0.034646,-0.0056233
0.013421,0.060692,-0.037222,0.08779,0.014992,-0.034459,-0.0046209
0.011903,0.052436,-0.029146,0.08799,0.014991,-0.034451,-0.004494
0.016322,0.060461,-0.035442,0.08815,0.015119,-0.034398,-0.0046208
0.014078,0.050085,-0.025933,0.088217,0.015118,-0.03439,-0.0044936
0.01605,0.063567,-0.042972,0.087648,0.014993,-0.034467,-0.0047464
0.018008,0.063462,-0.041712,0.088019,0.01512,-0.034407,-0.0047463
0.0025989,0.015661,-0.0079225,0.088726,0.015633,-0.034154,-0.0046173
-0.00039519,0.00423,-0.00086478,0.088729,0.015765,-0.034083,-0.0044926
0.00042991,0.0079699,-0.0028288,0.088704,0.015703,-0.034112,-0.0044916
0.00065143,0.0076701,-0.0027571,0.08865,0.0157,-0.034114,-0.0044915
-0.00061159,-0.00016197,0.00070928,0.089149,0.016022,-0.033976,-0.0047091
-0.00047451,-0.00013793,0.00075797,0.089184,0.016036,-0.033971,-0.0047225
-0.0015607,0.001051,0.002811,0.089047,0.016019,-0.033984,-0.004802
-0.0007952,0.00055295,0.0014951,0.08909,0.016084,-0.033953,-0.0047983
-0.00074941,0.00027667,0.0023078,0.08915,0.016083,-0.033958,-0.0048649
-0.00043745,0.00022942,0.001221,0.08916,0.016131,-0.033935,-0.0048688
0.041902,0.049717,-0.045442,0.085231,0.014867,-0.034544,-0.0049967
0.027085,0.053087,-0.046785,0.086385,0.014967,-0.034496,-0.0049966
0.017092,0.052772,-0.041402,0.088551,0.015248,-0.034355,-0.0048708
0.0071352,-0.015718,0.0061225,0.089386,0.016017,-0.033998,-0.0049934
0.0040303,-0.007348,0.0038224,0.089125,0.015954,-0.034019,-0.0048659
0.0079153,0.024038,-0.0082487,0.088054,0.014741,-0.034551,-0.0042307
0.0066292,0.026764,-0.0091976,0.088123,0.014993,-0.034432,-0.0042387
0.028089,-0.060466,0.018241,0.081854,0.014702,-0.034752,-0.006885
0.061417,-0.16316,0.053447,0.080445,0.01474,-0.034734,-0.0068859
0.1137,-0.21282,0.067205,0.084341,0.014866,-0.034648,-0.0065073
0.0089038,-0.051407,-0.0010109,0.084866,0.01448,-0.034801,-0.0060608
0.079223,-0.18851,0.05602,0.07689,0.016015,-0.034068,-0.0060064
0.3385,-0.55089,0.12073,0.077403,0.015644,-0.034244,-0.006004
0.3611,-0.58137,0.11447,0.07449,0.015639,-0.034247,-0.006004
0.074147,-0.16103,0.029669,0.083806,0.016015,-0.034034,-0.0055014
-0.00063399,-0.00217,-0.00078779,0.084561,0.014233,-0.034879,-0.0055009
-0.00031409,-0.00098139,-0.00022803,0.084516,0.01422,-0.034886,-0.0055007
-0.00012939,-0.0012862,-0.0015406,0.08446,0.014257,-0.034864,-0.0054378
0.0079273,0.0061399,-0.010969,0.084701,0.014378,-0.034793,-0.0052502
0.0063736,-5.9794e-05,-0.0085071,0.084607,0.014379,-0.034798,-0.0053129
0.0099901,0.0038502,-0.014587,0.084992,0.014472,-0.034749,-0.0052502
0.0085733,-0.0018213,-0.012726,0.084943,0.014481,-0.034749,-0.005313
0.0054845,0.0084552,-0.010457,0.084876,0.01437,-0.034789,-0.0051243
0.013147,0.016427,-0.017942,0.084934,0.014433,-0.034759,-0.0051243
0.0088062,0.0098488,-0.012442,0.084781,0.014376,-0.03479,-0.0051873
0.012097,0.012021,-0.017358,0.085038,0.014464,-0.034748,-0.0051875
0.012205,0.016408,-0.020069,0.085132,0.014457,-0.034747,-0.0051243
-0.00046066,-0.0045257,-0.002777,0.08441,0.014308,-0.03484,-0.005438
0.00022285,-0.0016263,-0.0026897,0.08441,0.014309,-0.034835,-0.0053753
0.00042923,3.6134e-05,-0.0020558,0.084524,0.014248,-0.034864,-0.005375
0.00093841,1.6611e-05,-0.0037724,0.084469,0.014311,-0.03483,-0.0053126
0.00026407,0.00011627,-0.0017249,0.084405,0.014242,-0.034862,-0.005313
0.00042861,0.00095521,-0.0021089,0.084458,0.01425,-0.034854,-0.0052526
0.0013626,0.0019629,-0.0046499,0.084517,0.014311,-0.034825,-0.00525
0.0040663,0.0079802,-0.0093211,0.084961,0.014277,-0.034831,-0.0051053
0.0031222,0.0072022,-0.008069,0.085002,0.014276,-0.034831,-0.005097
0.0026003,0.0062568,-0.0077791,0.085007,0.014283,-0.034825,-0.0050583
0.0061331,0.011862,-0.013077,0.085121,0.014366,-0.034786,-0.0050613
0.0036401,0.0073375,-0.0078068,0.085016,0.014276,-0.034832,-0.0051051
0.0010729,0.0029029,-0.0034154,0.084894,0.014275,-0.034833,-0.0051059
0.012793,0.021477,-0.022603,0.085234,0.014449,-0.034747,-0.0050613
0.0025628,0.0046062,-0.0057619,0.084846,0.014276,-0.034832,-0.0051074
0.0019716,0.0035162,-0.0055218,0.084679,0.014307,-0.034823,-0.0051876
0.00058555,0.0014448,-0.0022104,0.084609,0.01426,-0.034845,-0.0051909
-0.0010289,-0.0039053,-0.00023723,0.084516,0.01427,-0.03488,-0.0057649
0.016104,0.043811,-0.023549,0.088192,0.014609,-0.034627,-0.0044292
0.011459,0.027271,-0.016726,0.088308,0.014539,-0.03466,-0.0044226
0.0082235,0.017126,-0.010349,0.08869,0.014542,-0.034655,-0.0043674
0.0060692,0.011689,-0.0063762,0.088962,0.014553,-0.034646,-0.0043049
0.004689,0.00815,-0.0045037,0.089305,0.014561,-0.034639,-0.0042654
0.0043839,0.0074812,-0.0052561,0.089318,0.014502,-0.03467,-0.0043039
0.025188,0.069694,-0.043692,0.086571,0.01474,-0.034587,-0.0047463
0.022138,0.059986,-0.041421,0.086389,0.014614,-0.034647,-0.0047467
0.028976,0.063916,-0.047317,0.086055,0.01474,-0.034596,-0.0048717
0.021003,0.050706,-0.040401,0.085937,0.014614,-0.034655,-0.0048721
0.021805,0.056345,-0.040514,0.086255,0.014614,-0.034651,-0.0048094
0.015252,0.04013,-0.034369,0.08582,0.014552,-0.034685,-0.0048723
0.01034,0.037607,-0.020825,0.08744,0.014671,-0.034598,-0.0044283
0.015601,0.05168,-0.029859,0.08725,0.014672,-0.034602,-0.0044922
0.015541,0.048839,-0.027482,0.087537,0.014641,-0.034617,-0.0044927
0.012604,0.038587,-0.020262,0.087889,0.014634,-0.034615,-0.0044289
0.015062,0.051167,-0.02505,0.087589,0.014734,-0.034568,-0.0044278
0.051459,-0.096769,0.017655,0.075946,0.014933,-0.034656,-0.0070778
0.077676,-0.19804,0.050118,0.077309,0.014933,-0.034652,-0.0070143
0.020438,0.059225,-0.038755,0.086781,0.014614,-0.034643,-0.0046839
0.016016,0.047404,-0.033599,0.086788,0.014551,-0.034672,-0.0046842
0.017882,0.050691,-0.036337,0.086427,0.014552,-0.034676,-0.004747
0.011747,0.040846,-0.014924,0.088134,0.014866,-0.034493,-0.004244
0.0003562,0.0058795,-0.0018092,0.088606,0.015693,-0.034113,-0.0044263
-0.00044051,0.0049842,-0.0012197,0.088669,0.015706,-0.034107,-0.0044265
-5.2647e-06,0.003824,-0.00086803,0.088554,0.015683,-0.034113,-0.0043598
-0.0004973,0.0028725,-0.00035999,0.088634,0.015707,-0.034101,-0.0043603
0.00021259,0.0035495,-0.00075557,0.08848,0.015641,-0.034128,-0.0042923
-0.00013296,0.0021157,-0.00025037,0.08852,0.01567,-0.034115,-0.0042933
-0.00043417,0.0015071,4.3842e-06,0.088585,0.015706,-0.034098,-0.0042948
0.011759,-0.028709,0.0019694,0.0838,0.01455,-0.034811,-0.0066925
0.14192,-0.34999,0.08861,0.099524,0.015701,-0.034282,-0.0069475
0.17382,-0.28499,0.14616,0.079119,0.01583,-0.034204,-0.0067006
0.0023795,-0.011811,-0.001137,0.084478,0.014368,-0.034876,-0.0063787
0.0027087,-0.015437,-0.0010783,0.084562,0.014359,-0.034876,-0.0063158
0.0046755,-0.023391,-0.00054604,0.084533,0.014417,-0.034848,-0.0063156
0.0050953,-0.02236,-0.00021905,0.084441,0.014419,-0.034852,-0.0063787
0.0066174,-0.032132,7.0211e-05,0.084659,0.014416,-0.034844,-0.0062524
0.0055233,-0.031656,-0.00040799,0.084729,0.014416,-0.03484,-0.0061886
0.0059395,-0.037082,-0.00064355,0.084757,0.014416,-0.034836,-0.0061247
0.017197,0.047273,-0.035571,0.086184,0.014551,-0.034681,-0.0048095
0.19133,-0.33312,0.13031,0.063255,0.01596,-0.034116,-0.0063167
0.18904,-0.33185,0.14039,0.073349,0.015951,-0.034116,-0.006254
0.19001,-0.33618,0.13885,0.072767,0.01594,-0.034117,-0.0061913
0.032777,0.078205,-0.047848,0.086505,0.014866,-0.034527,-0.0047463
0.035382,0.069641,-0.051227,0.086116,0.014867,-0.034536,-0.0048716
0.026722,0.067971,-0.048489,0.086789,0.014949,-0.034496,-0.0048715
0.023476,0.0729,-0.044798,0.087155,0.014933,-0.034495,-0.0047463
0.11461,-0.27831,0.093438,0.081956,0.014867,-0.034665,-0.0067599
0.11956,-0.24414,0.081833,0.083217,0.014866,-0.034657,-0.0066334
0.017803,0.060158,-0.046489,0.087495,0.014994,-0.034475,-0.0048714
0.020228,0.061162,-0.045722,0.088006,0.015121,-0.034415,-0.0048712
0.32989,-0.54686,0.12779,0.073558,0.015662,-0.034244,-0.0061292
0.37135,-0.60423,0.11707,0.069352,0.015639,-0.034255,-0.0061291
0.00091312,-0.0029939,-0.0013329,0.083993,0.014394,-0.034876,-0.0065682
0.0024502,-0.009188,-0.00098135,0.083867,0.014425,-0.034862,-0.0065666
0.0012834,-0.0049476,-0.0013975,0.08416,0.014385,-0.034877,-0.006512
0.00075097,-0.00097997,-0.0012135,0.084039,0.014369,-0.034889,-0.0065695
0.0038748,-0.014765,-0.00056597,0.0841,0.014422,-0.034859,-0.0065052
0.031394,-0.071727,0.025882,0.065113,0.016033,-0.034095,-0.0065194
0.014,-0.050111,0.0092552,0.087011,0.01614,-0.033979,-0.0055654
0.10102,-0.27736,0.087078,0.079952,0.014868,-0.034673,-0.0068869
0.11474,-0.20357,0.086989,0.065163,0.015958,-0.034135,-0.0065717
0.0044141,-0.018138,-0.00035644,0.084282,0.01442,-0.034855,-0.006442
0.0019077,-0.0084318,-0.0013475,0.084337,0.014377,-0.034876,-0.0064421
0.018141,-0.048172,0.014274,0.077929,0.016051,-0.034081,-0.0064389
0.0026561,-0.03871,-0.0023515,0.084755,0.014417,-0.034822,-0.0059311
0.0042327,-0.039373,-0.0016961,0.084776,0.014416,-0.034827,-0.0059963
0.013429,0.020868,-0.020993,0.085073,0.014429,-0.034756,-0.0050613
0.023228,0.069602,-0.039708,0.087008,0.014738,-0.034579,-0.0046202
0.028117,0.079915,-0.042587,0.08714,0.014865,-0.034519,-0.0046204
0.025103,0.074657,-0.034405,0.087669,0.014863,-0.034511,-0.0044926
0.020699,0.070325,-0.038402,0.087536,0.01492,-0.034493,-0.0046205
0.017923,0.062171,-0.029823,0.087879,0.014906,-0.034491,-0.0044929
0.019377,0.062165,-0.03191,0.08744,0.014735,-0.034572,-0.0044919
-0.00052118,-3.5934e-05,0.0021467,0.089194,0.016142,-0.033934,-0.0049251
0.0044741,-0.034845,-0.00094052,0.084747,0.014416,-0.034831,-0.0060607
0.021386,0.065264,-0.026187,0.088023,0.014863,-0.034502,-0.0043637
0.012973,0.046712,-0.019393,0.08806,0.014887,-0.034491,-0.004364
0.0093612,0.039761,-0.018696,0.08811,0.01499,-0.034442,-0.0043657
0.011041,0.036915,-0.015808,0.088227,0.015118,-0.034381,-0.004365
0.011562,0.032006,-0.013748,0.088279,0.015246,-0.03432,-0.0043615
0.011579,0.026764,-0.013388,0.088356,0.015375,-0.034259,-0.0043573
0.0052031,0.014737,-0.0056437,0.088356,0.015376,-0.034251,-0.0042434
-0.00016106,0.00030276,7.2108e-05,0.088579,0.01576,-0.034068,-0.0042399
